{
  "base": "LB26001-A-04-002",
  "status": "fail",
  "pass": false,
  "view_style_score": 0.0,
  "dimension_style_score": 0.0,
  "layout_style_score": 0.0,
  "overall_style_score": 0.0,
  "reference": {
    "base": "LB26001-A-04-002",
    "path": "C:\\Users\\Vision\\Desktop\\SW 相关\\3D转2D测试图纸\\LB26001-A-04-002.SLDDRW",
    "success": true,
    "reason": "",
    "view_count": 4,
    "view_types": {
      "7": 2,
      "4": 2
    },
    "display_dim_count": 12,
    "annotation_count": 0,
    "sheet_size_m": {
      "width": 0.297,
      "height": 0.21
    },
    "view_layout": [
      {
        "name": "工程图视图1",
        "type": "7",
        "outline_m": [
          0.05455,
          0.16485,
          0.16545,
          0.177
        ],
        "center_m": [
          0.11,
          0.170925
        ],
        "size_m": [
          0.1109,
          0.01215
        ],
        "center_norm": [
          0.3704,
          0.8139
        ],
        "size_norm": [
          0.3734,
          0.0579
        ]
      },
      {
        "name": "工程图视图2",
        "type": "4",
        "outline_m": [
          0.2043,
          0.16485,
          0.2157,
          0.177
        ],
        "center_m": [
          0.21,
          0.170925
        ],
        "size_m": [
          0.0114,
          0.01215
        ],
        "center_norm": [
          0.7071,
          0.8139
        ],
        "size_norm": [
          0.0384,
          0.0579
        ]
      },
      {
        "name": "工程图视图3",
        "type": "4",
        "outline_m": [
          0.05455,
          0.12345,
          0.16545,
          0.13485
        ],
        "center_m": [
          0.11,
          0.12915
        ],
        "size_m": [
          0.1109,
          0.0114
        ],
        "center_norm": [
          0.3704,
          0.615
        ],
        "size_norm": [
          0.3734,
          0.0543
        ]
      },
      {
        "name": "工程图视图4",
        "type": "7",
        "outline_m": [
          0.220235,
          0.085946,
          0.265935,
          0.11741
        ],
        "center_m": [
          0.243085,
          0.101678
        ],
        "size_m": [
          0.0457,
          0.031464
        ],
        "center_norm": [
          0.8185,
          0.4842
        ],
        "size_norm": [
          0.1539,
          0.1498
        ]
      }
    ],
    "sidecar_report": "C:\\Users\\Vision\\Desktop\\SW 相关\\drw_output\\reference_metrics_sidecar\\LB26001-A-04-002_reference.json",
    "source": "csharp_sidecar"
  },
  "generated": {
    "base": "LB26001-A-04-002",
    "path": "",
    "success": false,
    "reason": "generated drawing missing",
    "view_count": 0,
    "view_types": {},
    "display_dim_count": 0,
    "annotation_count": 0,
    "sheet_size_m": {},
    "view_layout": [],
    "sidecar_report": null,
    "source": ""
  },
  "qc_display_dim_count": 0,
  "differences": [
    {
      "key": "view_count_not_equal_reference",
      "severity": "need_review",
      "reference": 4,
      "generated": 0,
      "fix_suggestion": "Match the reference drawing view count for this known LB26001 sample."
    },
    {
      "key": "view_type_count_lower_than_reference",
      "severity": "need_review",
      "reference": {
        "type": "4",
        "count": 2
      },
      "generated": {
        "type": "4",
        "count": 0
      },
      "fix_suggestion": "Create the same number of reference view-family instances for this known LB26001 sample."
    },
    {
      "key": "view_type_count_lower_than_reference",
      "severity": "need_review",
      "reference": {
        "type": "7",
        "count": 2
      },
      "generated": {
        "type": "7",
        "count": 0
      },
      "fix_suggestion": "Create the same number of reference view-family instances for this known LB26001 sample."
    },
    {
      "key": "projected_view_count_lower_than_reference",
      "severity": "need_review",
      "reference": 2,
      "generated": 0,
      "fix_suggestion": "Use real projected views for the orthographic top/right views."
    },
    {
      "key": "generated_display_dim_zero_with_reference_baseline",
      "severity": "fail",
      "reference": 12,
      "generated": 0,
      "fix_suggestion": "Generate real SolidWorks DisplayDim annotations before counting the drawing as deliverable."
    },
    {
      "key": "view_layout_metrics_unavailable",
      "severity": "need_review",
      "reference": [
        "front",
        "iso",
        "right",
        "top"
      ],
      "generated": [],
      "fix_suggestion": "Extract generated drawing view outlines and compare sheet-normalized view centers with the reference drawing."
    }
  ],
  "reasons": [
    "view_count_not_equal_reference",
    "view_type_count_lower_than_reference",
    "view_type_count_lower_than_reference",
    "projected_view_count_lower_than_reference",
    "generated_display_dim_zero_with_reference_baseline",
    "view_layout_metrics_unavailable"
  ],
  "schema": "sw_drawing_studio.reference_style_case.v1",
  "generated_at": "2026-06-22 20:08:06",
  "part": "C:\\Users\\Vision\\Desktop\\SW 相关\\3D转2D测试图纸\\LB26001-A-04-002.SLDPRT",
  "reference_compare_report": "C:\\Users\\Vision\\Desktop\\SW 相关\\drw_output\\staged_validation\\LB26001_002_dimension_metrics_probe_20260622\\01_LB26001-A-04-002\\reference_compare.json",
  "dimension_report": "C:\\Users\\Vision\\Desktop\\SW 相关\\drw_output\\staged_validation\\LB26001_002_dimension_metrics_probe_20260622\\01_LB26001-A-04-002\\dimension_validation.json"
}