{
  "base": "LB26001-A-04-041",
  "status": "need_review",
  "pass": false,
  "view_style_score": 0.679,
  "dimension_style_score": 0.162,
  "layout_style_score": 0.253,
  "overall_style_score": 0.361,
  "reference": {
    "base": "LB26001-A-04-041",
    "path": "C:\\Users\\Vision\\Desktop\\SW 相关\\3D转2D测试图纸\\LB26001-A-04-041.SLDDRW",
    "success": true,
    "reason": "",
    "view_count": 4,
    "view_types": {
      "7": 2,
      "4": 2
    },
    "display_dim_count": 6,
    "annotation_count": 0,
    "sheet_size_m": {
      "width": 0.297,
      "height": 0.21
    },
    "view_layout": [
      {
        "name": "工程图视图1",
        "type": "7",
        "outline_m": [
          0.093409,
          0.123923,
          0.131134,
          0.157061
        ],
        "center_m": [
          0.112272,
          0.140492
        ],
        "size_m": [
          0.037724,
          0.033138
        ],
        "center_norm": [
          0.378,
          0.669
        ],
        "size_norm": [
          0.127,
          0.1578
        ]
      },
      {
        "name": "工程图视图2",
        "type": "4",
        "outline_m": [
          0.204237,
          0.123923,
          0.215763,
          0.157061
        ],
        "center_m": [
          0.21,
          0.140492
        ],
        "size_m": [
          0.011527,
          0.033138
        ],
        "center_norm": [
          0.7071,
          0.669
        ],
        "size_norm": [
          0.0388,
          0.1578
        ]
      },
      {
        "name": "工程图视图3",
        "type": "4",
        "outline_m": [
          0.093409,
          0.076111,
          0.131134,
          0.087638
        ],
        "center_m": [
          0.112272,
          0.081875
        ],
        "size_m": [
          0.037724,
          0.011527
        ],
        "center_norm": [
          0.378,
          0.3899
        ],
        "size_norm": [
          0.127,
          0.0549
        ]
      },
      {
        "name": "工程图视图4",
        "type": "7",
        "outline_m": [
          0.233228,
          0.059143,
          0.264575,
          0.100989
        ],
        "center_m": [
          0.248901,
          0.080066
        ],
        "size_m": [
          0.031346,
          0.041846
        ],
        "center_norm": [
          0.8381,
          0.3813
        ],
        "size_norm": [
          0.1055,
          0.1993
        ]
      }
    ],
    "sidecar_report": "C:\\Users\\Vision\\Desktop\\SW 相关\\drw_output\\reference_metrics_sidecar\\LB26001-A-04-041_reference.json",
    "source": "csharp_sidecar"
  },
  "generated": {
    "base": "LB26001-A-04-041",
    "path": "C:\\Users\\Vision\\Desktop\\SW 相关\\drw_output\\runs\\31c286e7c15a\\drawing\\LB26001-A-04-041_v5.SLDDRW",
    "success": true,
    "reason": "",
    "view_count": 4,
    "view_types": {
      "7": 3,
      "4": 1
    },
    "display_dim_count": 37,
    "annotation_count": 0,
    "sheet_size_m": {
      "width": 0.297,
      "height": 0.21
    },
    "view_layout": [
      {
        "name": "工程图视图1",
        "type": "7",
        "outline_m": [
          0.068469,
          0.129616,
          0.091531,
          0.150384
        ],
        "center_m": [
          0.08,
          0.14
        ],
        "size_m": [
          0.023062,
          0.020769
        ],
        "center_norm": [
          0.2694,
          0.6667
        ],
        "size_norm": [
          0.0777,
          0.0989
        ]
      },
      {
        "name": "工程图视图2",
        "type": "4",
        "outline_m": [
          0.068469,
          0.075018,
          0.091531,
          0.084982
        ],
        "center_m": [
          0.08,
          0.08
        ],
        "size_m": [
          0.023062,
          0.009963
        ],
        "center_norm": [
          0.2694,
          0.381
        ],
        "size_norm": [
          0.0777,
          0.0474
        ]
      },
      {
        "name": "工程图视图3",
        "type": "7",
        "outline_m": [
          0.175018,
          0.129616,
          0.184982,
          0.150384
        ],
        "center_m": [
          0.18,
          0.14
        ],
        "size_m": [
          0.009963,
          0.020769
        ],
        "center_norm": [
          0.6061,
          0.6667
        ],
        "size_norm": [
          0.0335,
          0.0989
        ]
      },
      {
        "name": "工程图视图4",
        "type": "7",
        "outline_m": [
          0.220063,
          0.167438,
          0.239937,
          0.192562
        ],
        "center_m": [
          0.23,
          0.18
        ],
        "size_m": [
          0.019873,
          0.025123
        ],
        "center_norm": [
          0.7744,
          0.8571
        ],
        "size_norm": [
          0.0669,
          0.1196
        ]
      }
    ],
    "sidecar_report": "C:\\Users\\Vision\\Desktop\\SW 相关\\drw_output\\reference_metrics_sidecar\\LB26001-A-04-041_generated.json",
    "source": "csharp_sidecar"
  },
  "qc_display_dim_count": 0,
  "differences": [
    {
      "key": "view_type_count_lower_than_reference",
      "severity": "need_review",
      "reference": {
        "type": "4",
        "count": 2
      },
      "generated": {
        "type": "4",
        "count": 1
      },
      "fix_suggestion": "Create the same number of reference view-family instances for this known LB26001 sample."
    },
    {
      "key": "view_type_count_higher_than_reference",
      "severity": "need_review",
      "reference": {
        "type": "7",
        "count": 2
      },
      "generated": {
        "type": "7",
        "count": 3
      },
      "fix_suggestion": "Remove extra views from this view family or prove the same-name reference requires them."
    },
    {
      "key": "projected_view_count_lower_than_reference",
      "severity": "need_review",
      "reference": 2,
      "generated": 1,
      "fix_suggestion": "Use real projected views for the orthographic top/right views."
    },
    {
      "key": "display_dim_count_higher_than_reference",
      "severity": "need_review",
      "reference": 6,
      "generated": 37,
      "fix_suggestion": "Avoid over-dimensioning beyond the same-name reference drawing style; prefer the minimum manufacturable set."
    },
    {
      "key": "view_layout_center_shifted_from_reference",
      "severity": "need_review",
      "reference": {
        "slot": "front",
        "center_norm": [
          0.378,
          0.669
        ],
        "tolerance_norm": 0.08
      },
      "generated": {
        "slot": "front",
        "center_norm": [
          0.7744,
          0.8571
        ],
        "distance_norm": 0.4388
      },
      "fix_suggestion": "Place the generated view center within the learned reference layout tolerance for this LB26001 sample."
    },
    {
      "key": "view_layout_center_shifted_from_reference",
      "severity": "need_review",
      "reference": {
        "slot": "iso",
        "center_norm": [
          0.8381,
          0.3813
        ],
        "tolerance_norm": 0.08
      },
      "generated": {
        "slot": "iso",
        "center_norm": [
          0.6061,
          0.6667
        ],
        "distance_norm": 0.3678
      },
      "fix_suggestion": "Place the generated view center within the learned reference layout tolerance for this LB26001 sample."
    },
    {
      "key": "view_layout_center_missing",
      "severity": "need_review",
      "reference": {
        "slot": "right",
        "center_norm": [
          0.7071,
          0.669
        ]
      },
      "generated": {
        "available_slots": [
          "front",
          "iso",
          "top"
        ]
      },
      "fix_suggestion": "Create the same semantic view slot as the reference drawing before accepting this generated drawing."
    },
    {
      "key": "view_layout_center_shifted_from_reference",
      "severity": "need_review",
      "reference": {
        "slot": "top",