{
  "base": "LB26001-A-04-047",
  "status": "need_review",
  "pass": false,
  "view_style_score": 0.533,
  "dimension_style_score": 0.346,
  "layout_style_score": 0.333,
  "overall_style_score": 0.409,
  "reference": {
    "base": "LB26001-A-04-047",
    "path": "C:\\Users\\Vision\\Desktop\\SW 相关\\3D转2D测试图纸\\LB26001-A-04-047.SLDDRW",
    "success": true,
    "reason": "",
    "view_count": 4,
    "view_types": {
      "7": 1,
      "4": 3
    },
    "display_dim_count": 9,
    "annotation_count": 0,
    "sheet_size_m": {
      "width": 0.297,
      "height": 0.21
    },
    "view_layout": [
      {
        "name": "工程图视图1",
        "type": "7",
        "outline_m": [
          0.07369,
          0.132625,
          0.11509,
          0.187025
        ],
        "center_m": [
          0.09439,
          0.159825
        ],
        "size_m": [
          0.0414,
          0.0544
        ],
        "center_norm": [
          0.3178,
          0.7611
        ],
        "size_norm": [
          0.1394,
          0.259
        ]
      },
      {
        "name": "工程图视图2",
        "type": "4",
        "outline_m": [
          0.07369,
          0.074826,
          0.11509,
          0.107226
        ],
        "center_m": [
          0.09439,
          0.091026
        ],
        "size_m": [
          0.0414,
          0.0324
        ],
        "center_norm": [
          0.3178,
          0.4335
        ],
        "size_norm": [
          0.1394,
          0.1543
        ]
      },
      {
        "name": "工程图视图3",
        "type": "4",
        "outline_m": [
          0.182683,
          0.132625,
          0.215083,
          0.187025
        ],
        "center_m": [
          0.198883,
          0.159825
        ],
        "size_m": [
          0.0324,
          0.0544
        ],
        "center_norm": [
          0.6696,
          0.7611
        ],
        "size_norm": [
          0.1091,
          0.259
        ]
      },
      {
        "name": "工程图视图4",
        "type": "4",
        "outline_m": [
          0.205579,
          0.054139,
          0.254284,
          0.123367
        ],
        "center_m": [
          0.229931,
          0.088753
        ],
        "size_m": [
          0.048705,
          0.069229
        ],
        "center_norm": [
          0.7742,
          0.4226
        ],
        "size_norm": [
          0.164,
          0.3297
        ]
      }
    ],
    "sidecar_report": "C:\\Users\\Vision\\Desktop\\SW 相关\\drw_output\\reference_metrics_sidecar\\LB26001-A-04-047_reference.json",
    "source": "csharp_sidecar"
  },
  "generated": {
    "base": "LB26001-A-04-047",
    "path": "C:\\Users\\Vision\\Desktop\\SW 相关\\drw_output\\runs\\8b8880e8552f\\drawing\\LB26001-A-04-047_v5.SLDDRW",
    "success": true,
    "reason": "",
    "view_count": 4,
    "view_types": {
      "7": 3,
      "4": 1
    },
    "display_dim_count": 26,
    "annotation_count": 0,
    "sheet_size_m": {
      "width": 0.297,
      "height": 0.21
    },
    "view_layout": [
      {
        "name": "工程图视图1",
        "type": "7",
        "outline_m": [
          0.06755,
          0.1243,
          0.09245,
          0.1557
        ],
        "center_m": [
          0.08,
          0.14
        ],
        "size_m": [
          0.0249,
          0.0314
        ],
        "center_norm": [
          0.2694,
          0.6667
        ],
        "size_norm": [
          0.0838,
          0.1495
        ]
      },
      {
        "name": "工程图视图2",
        "type": "4",
        "outline_m": [
          0.06755,
          0.0698,
          0.09245,
          0.0902
        ],
        "center_m": [
          0.08,
          0.08
        ],
        "size_m": [
          0.0249,
          0.0204
        ],
        "center_norm": [
          0.2694,
          0.381
        ],
        "size_norm": [
          0.0838,
          0.0971
        ]
      },
      {
        "name": "工程图视图3",
        "type": "7",
        "outline_m": [
          0.1698,
          0.1243,
          0.1902,
          0.1557
        ],
        "center_m": [
          0.18,
          0.14
        ],
        "size_m": [
          0.0204,
          0.0314
        ],
        "center_norm": [
          0.6061,
          0.6667
        ],
        "size_norm": [
          0.0687,
          0.1495
        ]
      },
      {
        "name": "工程图视图4",
        "type": "7",
        "outline_m": [
          0.215724,
          0.160593,
          0.244276,
          0.199407
        ],
        "center_m": [
          0.23,
          0.18
        ],
        "size_m": [
          0.028553,
          0.038814
        ],
        "center_norm": [
          0.7744,
          0.8571
        ],
        "size_norm": [
          0.0961,
          0.1848
        ]
      }
    ],
    "sidecar_report": "C:\\Users\\Vision\\Desktop\\SW 相关\\drw_output\\reference_metrics_sidecar\\LB26001-A-04-047_generated.json",
    "source": "csharp_sidecar"
  },
  "qc_display_dim_count": 2,
  "differences": [
    {
      "key": "view_type_count_lower_than_reference",
      "severity": "need_review",
      "reference": {
        "type": "4",
        "count": 3
      },
      "generated": {
        "type": "4",
        "count": 1
      },
      "fix_suggestion": "Create the same number of reference view-family instances for this known LB26001 sample."
    },
    {
      "key": "view_type_count_higher_than_reference",
      "severity": "need_review",
      "reference": {
        "type": "7",
        "count": 1
      },
      "generated": {
        "type": "7",
        "count": 3
      },
      "fix_suggestion": "Remove extra views from this view family or prove the same-name reference requires them."
    },
    {
      "key": "projected_view_count_lower_than_reference",
      "severity": "need_review",
      "reference": 3,
      "generated": 1,
      "fix_suggestion": "Use real projected views for the orthographic top/right views."
    },
    {
      "key": "display_dim_count_higher_than_reference",
      "severity": "need_review",
      "reference": 9,
      "generated": 26,
      "fix_suggestion": "Avoid over-dimensioning beyond the same-name reference drawing style; prefer the minimum manufacturable set."
    },
    {
      "key": "view_layout_center_shifted_from_reference",
      "severity": "need_review",
      "reference": {
        "slot": "front",
        "center_norm": [
          0.3178,
          0.7611
        ],
        "tolerance_norm": 0.08
      },
      "generated": {
        "slot": "front",
        "center_norm": [
          0.7744,
          0.8571
        ],
        "distance_norm": 0.4666
      },
      "fix_suggestion": "Place the generated view center within the learned reference layout tolerance for this LB26001 sample."
    },
    {
      "key": "view_layout_center_missing",
      "severity": "need_review",
      "reference": {
        "slot": "right",
        "center_norm": [
          0.7742,
          0.4226
        ]
      },
      "generated": {
        "available_slots": [
          "front",
          "iso",
          "top"
        ]
      },
      "fix_suggestion": "Create the same semantic view slot as the reference drawing before accepting this generated drawing."
    }
  ],
  "reasons": [
    "view_type_count_lower_than_reference",
    "view_type_count_higher_than_reference",
    "projected_view_count_lower_than_reference",
    "display_dim_count_higher_than_reference",
    "view_layout_center_shifted_from_reference",
    "view_layout_center_missing"
  ],
  "schema": "sw_drawing_studio.reference_style_case.v1",
  "generated_at": "2026-06-22 18:38:30",
  "part": "C:\\Users\\Vision\\Desktop\\SW 相关\\3D转2D测试图纸\\LB26001-A-04-047.SLDPRT",
  "reference_compare_report": "C:\\Users\\Vision\\Desktop\\SW 相关\\drw_output\\staged_validation\\LB26001_36_current_20260622\\33_LB26001-A-04-047\\reference_compare.json",