{
  "base": "LB26001-A-04-005",
  "status": "need_review",
  "pass": false,
  "view_style_score": 0.679,
  "dimension_style_score": 0.857,
  "layout_style_score": 0.264,
  "overall_style_score": 0.676,
  "reference": {
    "base": "LB26001-A-04-005",
    "path": "C:\\Users\\Vision\\Desktop\\SW 相关\\3D转2D测试图纸\\LB26001-A-04-005.SLDDRW",
    "success": true,
    "reason": "",
    "view_count": 4,
    "view_types": {
      "7": 2,
      "4": 2
    },
    "display_dim_count": 12,
    "annotation_count": 0,
    "sheet_size_m": {
      "width": 0.297,
      "height": 0.21
    },
    "view_layout": [
      {
        "name": "工程图视图1",
        "type": "7",
        "outline_m": [
          0.0613,
          0.16535,
          0.1587,
          0.177
        ],
        "center_m": [
          0.11,
          0.171175
        ],
        "size_m": [
          0.0974,
          0.01165
        ],
        "center_norm": [
          0.3704,
          0.8151
        ],
        "size_norm": [
          0.3279,
          0.0555
        ]
      },
      {
        "name": "工程图视图2",
        "type": "4",
        "outline_m": [
          0.2043,
          0.16535,
          0.2157,
          0.177
        ],
        "center_m": [
          0.21,
          0.171175
        ],
        "size_m": [
          0.0114,
          0.01165
        ],
        "center_norm": [
          0.7071,
          0.8151
        ],
        "size_norm": [
          0.0384,
          0.0555
        ]
      },
      {
        "name": "工程图视图3",
        "type": "4",
        "outline_m": [
          0.0613,
          0.10534,
          0.1587,
          0.11674
        ],
        "center_m": [
          0.11,
          0.11104
        ],
        "size_m": [
          0.0974,
          0.0114
        ],
        "center_norm": [
          0.3704,
          0.5288
        ],
        "size_norm": [
          0.3279,
          0.0543
        ]
      },
      {
        "name": "工程图视图4",
        "type": "7",
        "outline_m": [
          0.22144,
          0.085563,
          0.262367,
          0.114067
        ],
        "center_m": [
          0.241903,
          0.099815
        ],
        "size_m": [
          0.040927,
          0.028504
        ],
        "center_norm": [
          0.8145,
          0.4753
        ],
        "size_norm": [
          0.1378,
          0.1357
        ]
      }
    ],
    "sidecar_report": "C:\\Users\\Vision\\Desktop\\SW 相关\\drw_output\\reference_metrics_sidecar\\LB26001-A-04-005_reference.json",
    "source": "csharp_sidecar"
  },
  "generated": {
    "base": "LB26001-A-04-005",
    "path": "C:\\Users\\Vision\\Desktop\\SW 相关\\drw_output\\runs\\07de67b9152d\\drawing\\LB26001-A-04-005_v5.SLDDRW",
    "success": true,
    "reason": "",
    "view_count": 4,
    "view_types": {
      "7": 3,
      "4": 1
    },
    "display_dim_count": 14,
    "annotation_count": 0,
    "sheet_size_m": {
      "width": 0.297,
      "height": 0.21
    },
    "view_layout": [
      {
        "name": "工程图视图1",
        "type": "7",
        "outline_m": [
          0.058,
          0.13515,
          0.102,
          0.14485
        ],
        "center_m": [
          0.08,
          0.14
        ],
        "size_m": [
          0.044,
          0.0097
        ],
        "center_norm": [
          0.2694,
          0.6667
        ],
        "size_norm": [
          0.1481,
          0.0462
        ]
      },
      {
        "name": "工程图视图2",
        "type": "4",
        "outline_m": [
          0.058,
          0.0752,
          0.102,
          0.0848
        ],
        "center_m": [
          0.08,
          0.08
        ],
        "size_m": [
          0.044,
          0.0096
        ],
        "center_norm": [
          0.2694,
          0.381
        ],
        "size_norm": [
          0.1481,
          0.0457
        ]
      },
      {
        "name": "工程图视图3",
        "type": "7",
        "outline_m": [
          0.1752,
          0.13515,
          0.1848,
          0.14485
        ],
        "center_m": [
          0.18,
          0.14
        ],
        "size_m": [
          0.0096,
          0.0097
        ],
        "center_norm": [
          0.6061,
          0.6667
        ],
        "size_norm": [
          0.0323,
          0.0462
        ]
      },
      {
        "name": "工程图视图4",
        "type": "7",
        "outline_m": [
          0.212789,
          0.167758,
          0.247211,
          0.192242
        ],
        "center_m": [
          0.23,
          0.18
        ],
        "size_m": [
          0.034422,
          0.024483
        ],
        "center_norm": [
          0.7744,
          0.8571
        ],
        "size_norm": [
          0.1159,
          0.1166
        ]
      }
    ],
    "sidecar_report": "C:\\Users\\Vision\\Desktop\\SW 相关\\drw_output\\reference_metrics_sidecar\\LB26001-A-04-005_generated.json",
    "source": "csharp_sidecar"
  },
  "qc_display_dim_count": 8,
  "differences": [
    {
      "key": "view_type_count_lower_than_reference",
      "severity": "need_review",
      "reference": {
        "type": "4",
        "count": 2
      },
      "generated": {
        "type": "4",
        "count": 1
      },
      "fix_suggestion": "Create the same number of reference view-family instances for this known LB26001 sample."
    },
    {
      "key": "view_type_count_higher_than_reference",
      "severity": "need_review",
      "reference": {
        "type": "7",
        "count": 2
      },
      "generated": {
        "type": "7",
        "count": 3
      },
      "fix_suggestion": "Remove extra views from this view family or prove the same-name reference requires them."
    },
    {
      "key": "projected_view_count_lower_than_reference",
      "severity": "need_review",
      "reference": 2,
      "generated": 1,
      "fix_suggestion": "Use real projected views for the orthographic top/right views."
    },
    {
      "key": "view_layout_center_shifted_from_reference",
      "severity": "need_review",
      "reference": {
        "slot": "front",
        "center_norm": [
          0.3704,
          0.8151
        ],
        "tolerance_norm": 0.08
      },
      "generated": {
        "slot": "front",
        "center_norm": [
          0.7744,
          0.8571
        ],
        "distance_norm": 0.4062
      },
      "fix_suggestion": "Place the generated view center within the learned reference layout tolerance for this LB26001 sample."
    },
    {
      "key": "view_layout_center_shifted_from_reference",
      "severity": "need_review",
      "reference": {
        "slot": "iso",
        "center_norm": [
          0.8145,
          0.4753
        ],
        "tolerance_norm": 0.08
      },
      "generated": {
        "slot": "iso",
        "center_norm": [
          0.6061,
          0.6667
        ],
        "distance_norm": 0.283
      },
      "fix_suggestion": "Place the generated view center within the learned reference layout tolerance for this LB26001 sample."
    },
    {
      "key": "view_layout_center_missing",
      "severity": "need_review",
      "reference": {
        "slot": "right",
        "center_norm": [
          0.7071,
          0.8151
        ]
      },
      "generated": {
        "available_slots": [
          "front",
          "iso",
          "top"
        ]
      },
      "fix_suggestion": "Create the same semantic view slot as the reference drawing before accepting this generated drawing."
    },
    {
      "key": "view_layout_center_shifted_from_reference",
      "severity": "need_review",
      "reference": {
        "slot": "top",
        "center_norm": [
          0.3704,
          0.5288
        ],
        "tolerance_norm": 0.08
      },
      "generated": {
        "slot": "top",
        "center_norm": [
          0.2694,
          0.381
        ],
        "distance_norm": 0.179
      },