{
  "base": "LB26001-A-04-039",
  "status": "need_review",
  "pass": false,
  "view_style_score": 0.533,
  "dimension_style_score": 0.423,
  "layout_style_score": 0.333,
  "overall_style_score": 0.444,
  "reference": {
    "base": "LB26001-A-04-039",
    "path": "C:\\Users\\Vision\\Desktop\\SW 相关\\3D转2D测试图纸\\LB26001-A-04-039.SLDDRW",
    "success": true,
    "reason": "",
    "view_count": 4,
    "view_types": {
      "7": 1,
      "4": 3
    },
    "display_dim_count": 11,
    "annotation_count": 0,
    "sheet_size_m": {
      "width": 0.297,
      "height": 0.21
    },
    "view_layout": [
      {
        "name": "工程图视图1",
        "type": "7",
        "outline_m": [
          0.06085,
          0.12628,
          0.10125,
          0.184156
        ],
        "center_m": [
          0.08105,
          0.155218
        ],
        "size_m": [
          0.0404,
          0.057876
        ],
        "center_norm": [
          0.2729,
          0.7391
        ],
        "size_norm": [
          0.136,
          0.2756
        ]
      },
      {
        "name": "工程图视图2",
        "type": "4",
        "outline_m": [
          0.06085,
          0.061911,
          0.10125,
          0.102006
        ],
        "center_m": [
          0.08105,
          0.081959
        ],
        "size_m": [
          0.0404,
          0.040095
        ],
        "center_norm": [
          0.2729,
          0.3903
        ],
        "size_norm": [
          0.136,
          0.1909
        ]
      },
      {
        "name": "工程图视图3",
        "type": "4",
        "outline_m": [
          0.165892,
          0.12628,
          0.205987,
          0.184156
        ],
        "center_m": [
          0.18594,
          0.155218
        ],
        "size_m": [
          0.040095,
          0.057876
        ],
        "center_norm": [
          0.6261,
          0.7391
        ],
        "size_norm": [
          0.135,
          0.2756
        ]
      },
      {
        "name": "工程图视图4",
        "type": "4",
        "outline_m": [
          0.2168,
          0.064351,
          0.270239,
          0.13915
        ],
        "center_m": [
          0.243519,
          0.101751
        ],
        "size_m": [
          0.053439,
          0.074799
        ],
        "center_norm": [
          0.8199,
          0.4845
        ],
        "size_norm": [
          0.1799,
          0.3562
        ]
      }
    ],
    "sidecar_report": "C:\\Users\\Vision\\Desktop\\SW 相关\\drw_output\\reference_metrics_sidecar\\LB26001-A-04-039_reference.json",
    "source": "csharp_sidecar"
  },
  "generated": {
    "base": "LB26001-A-04-039",
    "path": "C:\\Users\\Vision\\Desktop\\SW 相关\\drw_output\\runs\\192d667ec2f3\\drawing\\LB26001-A-04-039_v5.SLDDRW",
    "success": true,
    "reason": "",
    "view_count": 4,
    "view_types": {
      "7": 3,
      "4": 1
    },
    "display_dim_count": 26,
    "annotation_count": 0,
    "sheet_size_m": {
      "width": 0.297,
      "height": 0.21
    },
    "view_layout": [
      {
        "name": "工程图视图1",
        "type": "7",
        "outline_m": [
          0.0738,
          0.132708,
          0.0862,
          0.147292
        ],
        "center_m": [
          0.08,
          0.14
        ],
        "size_m": [
          0.0124,
          0.014584
        ],
        "center_norm": [
          0.2694,
          0.6667
        ],
        "size_norm": [
          0.0418,
          0.0694
        ]
      },
      {
        "name": "工程图视图2",
        "type": "4",
        "outline_m": [
          0.0738,
          0.073819,
          0.0862,
          0.086181
        ],
        "center_m": [
          0.08,
          0.08
        ],
        "size_m": [
          0.0124,
          0.012362
        ],
        "center_norm": [
          0.2694,
          0.381
        ],
        "size_norm": [
          0.0418,
          0.0589
        ]
      },
      {
        "name": "工程图视图3",
        "type": "7",
        "outline_m": [
          0.173819,
          0.132708,
          0.186181,
          0.147292
        ],
        "center_m": [
          0.18,
          0.14
        ],
        "size_m": [
          0.012362,
          0.014584
        ],
        "center_norm": [
          0.6061,
          0.6667
        ],
        "size_norm": [
          0.0416,
          0.0694
        ]
      },
      {
        "name": "工程图视图4",
        "type": "7",
        "outline_m": [
          0.222985,
          0.17165,
          0.237015,
          0.18835
        ],
        "center_m": [
          0.23,
          0.18
        ],
        "size_m": [
          0.01403,
          0.0167
        ],
        "center_norm": [
          0.7744,
          0.8571
        ],
        "size_norm": [
          0.0472,
          0.0795
        ]
      }
    ],
    "sidecar_report": "C:\\Users\\Vision\\Desktop\\SW 相关\\drw_output\\reference_metrics_sidecar\\LB26001-A-04-039_generated.json",
    "source": "csharp_sidecar"
  },
  "qc_display_dim_count": 0,
  "differences": [
    {
      "key": "view_type_count_lower_than_reference",
      "severity": "need_review",
      "reference": {
        "type": "4",
        "count": 3
      },
      "generated": {
        "type": "4",
        "count": 1
      },
      "fix_suggestion": "Create the same number of reference view-family instances for this known LB26001 sample."
    },
    {
      "key": "view_type_count_higher_than_reference",
      "severity": "need_review",
      "reference": {
        "type": "7",
        "count": 1
      },
      "generated": {
        "type": "7",
        "count": 3
      },
      "fix_suggestion": "Remove extra views from this view family or prove the same-name reference requires them."
    },
    {
      "key": "projected_view_count_lower_than_reference",
      "severity": "need_review",
      "reference": 3,
      "generated": 1,
      "fix_suggestion": "Use real projected views for the orthographic top/right views."
    },
    {
      "key": "display_dim_count_higher_than_reference",
      "severity": "need_review",
      "reference": 11,
      "generated": 26,
      "fix_suggestion": "Avoid over-dimensioning beyond the same-name reference drawing style; prefer the minimum manufacturable set."
    },
    {
      "key": "view_layout_center_shifted_from_reference",
      "severity": "need_review",
      "reference": {
        "slot": "front",
        "center_norm": [
          0.2729,
          0.7391
        ],
        "tolerance_norm": 0.08
      },
      "generated": {
        "slot": "front",
        "center_norm": [
          0.7744,
          0.8571
        ],
        "distance_norm": 0.5152
      },
      "fix_suggestion": "Place the generated view center within the learned reference layout tolerance for this LB26001 sample."
    },
    {
      "key": "view_layout_center_missing",
      "severity": "need_review",
      "reference": {
        "slot": "right",
        "center_norm": [
          0.8199,
          0.4845
        ]
      },
      "generated": {
        "available_slots": [
          "front",
          "iso",
          "top"
        ]
      },
      "fix_suggestion": "Create the same semantic view slot as the reference drawing before accepting this generated drawing."
    }
  ],
  "reasons": [
    "view_type_count_lower_than_reference",
    "view_type_count_higher_than_reference",
    "projected_view_count_lower_than_reference",
    "display_dim_count_higher_than_reference",
    "view_layout_center_shifted_from_reference",
    "view_layout_center_missing"
  ],
  "schema": "sw_drawing_studio.reference_style_case.v1",
  "generated_at": "2026-06-22 18:23:08",
  "part": "C:\\Users\\Vision\\Desktop\\SW 相关\\3D转2D测试图纸\\LB26001-A-04-039.SLDPRT",
  "reference_compare_report": "C:\\Users\\Vision\\Desktop\\SW 相关\\drw_output\\staged_validation\\LB26001_36_current_20260622\\26_LB26001-A-04-039\\reference_compare.json",