{
  "base": "LB26001-A-04-024",
  "status": "need_review",
  "pass": false,
  "view_style_score": 0.679,
  "dimension_style_score": 0.686,
  "layout_style_score": 0.338,
  "overall_style_score": 0.614,
  "reference": {
    "base": "LB26001-A-04-024",
    "path": "C:\\Users\\Vision\\Desktop\\SW 相关\\3D转2D测试图纸\\LB26001-A-04-024.SLDDRW",
    "success": true,
    "reason": "",
    "view_count": 4,
    "view_types": {
      "7": 2,
      "4": 2
    },
    "display_dim_count": 24,
    "annotation_count": 0,
    "sheet_size_m": {
      "width": 0.297,
      "height": 0.21
    },
    "view_layout": [
      {
        "name": "工程图视图1",
        "type": "7",
        "outline_m": [
          0.079,
          0.1286,
          0.141,
          0.177
        ],
        "center_m": [
          0.11,
          0.1528
        ],
        "size_m": [
          0.062,
          0.0484
        ],
        "center_norm": [
          0.3704,
          0.7276
        ],
        "size_norm": [
          0.2088,
          0.2305
        ]
      },
      {
        "name": "工程图视图2",
        "type": "4",
        "outline_m": [
          0.202467,
          0.1286,
          0.217533,
          0.177
        ],
        "center_m": [
          0.21,
          0.1528
        ],
        "size_m": [
          0.015067,
          0.0484
        ],
        "center_norm": [
          0.7071,
          0.7276
        ],
        "size_norm": [
          0.0507,
          0.2305
        ]
      },
      {
        "name": "工程图视图3",
        "type": "4",
        "outline_m": [
          0.079,
          0.083533,
          0.141,
          0.0986
        ],
        "center_m": [
          0.11,
          0.091067
        ],
        "size_m": [
          0.062,
          0.015067
        ],
        "center_norm": [
          0.3704,
          0.4337
        ],
        "size_norm": [
          0.2088,
          0.0717
        ]
      },
      {
        "name": "工程图视图4",
        "type": "7",
        "outline_m": [
          0.172707,
          0.065041,
          0.247293,
          0.117092
        ],
        "center_m": [
          0.21,
          0.091067
        ],
        "size_m": [
          0.074585,
          0.052052
        ],
        "center_norm": [
          0.7071,
          0.4337
        ],
        "size_norm": [
          0.2511,
          0.2479
        ]
      }
    ],
    "sidecar_report": "C:\\Users\\Vision\\Desktop\\SW 相关\\drw_output\\reference_metrics_sidecar\\LB26001-A-04-024_reference.json",
    "source": "csharp_sidecar"
  },
  "generated": {
    "base": "LB26001-A-04-024",
    "path": "C:\\Users\\Vision\\Desktop\\SW 相关\\drw_output\\runs\\f9107481b1a2\\drawing\\LB26001-A-04-024_v5.SLDDRW",
    "success": true,
    "reason": "",
    "view_count": 4,
    "view_types": {
      "7": 3,
      "4": 1
    },
    "display_dim_count": 35,
    "annotation_count": 0,
    "sheet_size_m": {
      "width": 0.297,
      "height": 0.21
    },
    "view_layout": [
      {
        "name": "工程图视图1",
        "type": "7",
        "outline_m": [
          0.06618,
          0.1348,
          0.09382,
          0.1452
        ],
        "center_m": [
          0.08,
          0.14
        ],
        "size_m": [
          0.02764,
          0.0104
        ],
        "center_norm": [
          0.2694,
          0.6667
        ],
        "size_norm": [
          0.0931,
          0.0495
        ]
      },
      {
        "name": "工程图视图2",
        "type": "4",
        "outline_m": [
          0.06776,
          0.0698,
          0.09224,
          0.0902
        ],
        "center_m": [
          0.08,
          0.08
        ],
        "size_m": [
          0.02448,
          0.0204
        ],
        "center_norm": [
          0.2694,
          0.381
        ],
        "size_norm": [
          0.0824,
          0.0971
        ]
      },
      {
        "name": "工程图视图3",
        "type": "7",
        "outline_m": [
          0.1698,
          0.1348,
          0.1902,
          0.1452
        ],
        "center_m": [
          0.18,
          0.14
        ],
        "size_m": [
          0.0204,
          0.0104
        ],
        "center_norm": [
          0.6061,
          0.6667
        ],
        "size_norm": [
          0.0687,
          0.0495
        ]
      },
      {
        "name": "工程图视图4",
        "type": "7",
        "outline_m": [
          0.215872,
          0.169252,
          0.244128,
          0.190748
        ],
        "center_m": [
          0.23,
          0.18
        ],
        "size_m": [
          0.028256,
          0.021495
        ],
        "center_norm": [
          0.7744,
          0.8571
        ],
        "size_norm": [
          0.0951,
          0.1024
        ]
      }
    ],
    "sidecar_report": "C:\\Users\\Vision\\Desktop\\SW 相关\\drw_output\\reference_metrics_sidecar\\LB26001-A-04-024_generated.json",
    "source": "csharp_sidecar"
  },
  "qc_display_dim_count": 0,
  "differences": [
    {
      "key": "view_type_count_lower_than_reference",
      "severity": "need_review",
      "reference": {
        "type": "4",
        "count": 2
      },
      "generated": {
        "type": "4",
        "count": 1
      },
      "fix_suggestion": "Create the same number of reference view-family instances for this known LB26001 sample."
    },
    {
      "key": "view_type_count_higher_than_reference",
      "severity": "need_review",
      "reference": {
        "type": "7",
        "count": 2
      },
      "generated": {
        "type": "7",
        "count": 3
      },
      "fix_suggestion": "Remove extra views from this view family or prove the same-name reference requires them."
    },
    {
      "key": "projected_view_count_lower_than_reference",
      "severity": "need_review",
      "reference": 2,
      "generated": 1,
      "fix_suggestion": "Use real projected views for the orthographic top/right views."
    },
    {
      "key": "view_layout_center_shifted_from_reference",
      "severity": "need_review",
      "reference": {
        "slot": "front",
        "center_norm": [
          0.3704,
          0.7276
        ],
        "tolerance_norm": 0.08
      },
      "generated": {
        "slot": "front",
        "center_norm": [
          0.7744,
          0.8571
        ],
        "distance_norm": 0.4242
      },
      "fix_suggestion": "Place the generated view center within the learned reference layout tolerance for this LB26001 sample."
    },
    {
      "key": "view_layout_center_shifted_from_reference",
      "severity": "need_review",
      "reference": {
        "slot": "iso",
        "center_norm": [
          0.7071,
          0.4337
        ],
        "tolerance_norm": 0.08
      },
      "generated": {
        "slot": "iso",
        "center_norm": [
          0.6061,
          0.6667
        ],
        "distance_norm": 0.2539
      },
      "fix_suggestion": "Place the generated view center within the learned reference layout tolerance for this LB26001 sample."
    },
    {
      "key": "view_layout_center_missing",
      "severity": "need_review",
      "reference": {
        "slot": "right",
        "center_norm": [
          0.7071,
          0.7276
        ]
      },
      "generated": {
        "available_slots": [
          "front",
          "iso",
          "top"
        ]
      },
      "fix_suggestion": "Create the same semantic view slot as the reference drawing before accepting this generated drawing."
    },
    {
      "key": "view_layout_center_shifted_from_reference",
      "severity": "need_review",
      "reference": {
        "slot": "top",
        "center_norm": [
          0.3704,
          0.4337
        ],
        "tolerance_norm": 0.08
      },
      "generated": {
        "slot": "top",
        "center_norm": [
          0.2694,
          0.381
        ],
        "distance_norm": 0.1139
      },