{
  "base": "LB26001-A-04-042",
  "status": "need_review",
  "pass": false,
  "view_style_score": 0.679,
  "dimension_style_score": 0.233,
  "layout_style_score": 0.351,
  "overall_style_score": 0.413,
  "reference": {
    "base": "LB26001-A-04-042",
    "path": "C:\\Users\\Vision\\Desktop\\SW 相关\\3D转2D测试图纸\\LB26001-A-04-042.SLDDRW",
    "success": true,
    "reason": "",
    "view_count": 4,
    "view_types": {
      "7": 2,
      "4": 2
    },
    "display_dim_count": 10,
    "annotation_count": 0,
    "sheet_size_m": {
      "width": 0.297,
      "height": 0.21
    },
    "view_layout": [
      {
        "name": "工程图视图1",
        "type": "7",
        "outline_m": [
          0.094538,
          0.133098,
          0.129007,
          0.156617
        ],
        "center_m": [
          0.111772,
          0.144858
        ],
        "size_m": [
          0.034469,
          0.023519
        ],
        "center_norm": [
          0.3763,
          0.6898
        ],
        "size_norm": [
          0.1161,
          0.112
        ]
      },
      {
        "name": "工程图视图2",
        "type": "4",
        "outline_m": [
          0.2008,
          0.133098,
          0.2192,
          0.156617
        ],
        "center_m": [
          0.21,
          0.144858
        ],
        "size_m": [
          0.0184,
          0.023519
        ],
        "center_norm": [
          0.7071,
          0.6898
        ],
        "size_norm": [
          0.062,
          0.112
        ]
      },
      {
        "name": "工程图视图3",
        "type": "4",
        "outline_m": [
          0.094538,
          0.076427,
          0.129007,
          0.094827
        ],
        "center_m": [
          0.111772,
          0.085627
        ],
        "size_m": [
          0.034469,
          0.0184
        ],
        "center_norm": [
          0.3763,
          0.4077
        ],
        "size_norm": [
          0.1161,
          0.0876
        ]
      },
      {
        "name": "工程图视图4",
        "type": "7",
        "outline_m": [
          0.20479,
          0.077056,
          0.230952,
          0.116996
        ],
        "center_m": [
          0.217871,
          0.097026
        ],
        "size_m": [
          0.026162,
          0.03994
        ],
        "center_norm": [
          0.7336,
          0.462
        ],
        "size_norm": [
          0.0881,
          0.1902
        ]
      }
    ],
    "sidecar_report": "C:\\Users\\Vision\\Desktop\\SW 相关\\drw_output\\reference_metrics_sidecar\\LB26001-A-04-042_reference.json",
    "source": "csharp_sidecar"
  },
  "generated": {
    "base": "LB26001-A-04-042",
    "path": "C:\\Users\\Vision\\Desktop\\SW 相关\\drw_output\\runs\\81ad3b73f2b0\\drawing\\LB26001-A-04-042_v5.SLDDRW",
    "success": true,
    "reason": "",
    "view_count": 4,
    "view_types": {
      "7": 3,
      "4": 1
    },
    "display_dim_count": 43,
    "annotation_count": 0,
    "sheet_size_m": {
      "width": 0.297,
      "height": 0.21
    },
    "view_layout": [
      {
        "name": "工程图视图1",
        "type": "7",
        "outline_m": [
          0.068241,
          0.122766,
          0.091759,
          0.157234
        ],
        "center_m": [
          0.08,
          0.14
        ],
        "size_m": [
          0.023519,
          0.034469
        ],
        "center_norm": [
          0.2694,
          0.6667
        ],
        "size_norm": [
          0.0792,
          0.1641
        ]
      },
      {
        "name": "工程图视图2",
        "type": "4",
        "outline_m": [
          0.068241,
          0.0708,
          0.091759,
          0.0892
        ],
        "center_m": [
          0.08,
          0.08
        ],
        "size_m": [
          0.023519,
          0.0184
        ],
        "center_norm": [
          0.2694,
          0.381
        ],
        "size_norm": [
          0.0792,
          0.0876
        ]
      },
      {
        "name": "工程图视图3",
        "type": "7",
        "outline_m": [
          0.1708,
          0.122766,
          0.1892,
          0.157234
        ],
        "center_m": [
          0.18,
          0.14
        ],
        "size_m": [
          0.0184,
          0.034469
        ],
        "center_norm": [
          0.6061,
          0.6667
        ],
        "size_norm": [
          0.062,
          0.1641
        ]
      },
      {
        "name": "工程图视图4",
        "type": "7",
        "outline_m": [
          0.216919,
          0.16003,
          0.243081,
          0.19997
        ],
        "center_m": [
          0.23,
          0.18
        ],
        "size_m": [
          0.026162,
          0.03994
        ],
        "center_norm": [
          0.7744,
          0.8571
        ],
        "size_norm": [
          0.0881,
          0.1902
        ]
      }
    ],
    "sidecar_report": "C:\\Users\\Vision\\Desktop\\SW 相关\\drw_output\\reference_metrics_sidecar\\LB26001-A-04-042_generated.json",
    "source": "csharp_sidecar"
  },
  "qc_display_dim_count": 4,
  "differences": [
    {
      "key": "view_type_count_lower_than_reference",
      "severity": "need_review",
      "reference": {
        "type": "4",
        "count": 2
      },
      "generated": {
        "type": "4",
        "count": 1
      },
      "fix_suggestion": "Create the same number of reference view-family instances for this known LB26001 sample."
    },
    {
      "key": "view_type_count_higher_than_reference",
      "severity": "need_review",
      "reference": {
        "type": "7",
        "count": 2
      },
      "generated": {
        "type": "7",
        "count": 3
      },
      "fix_suggestion": "Remove extra views from this view family or prove the same-name reference requires them."
    },
    {
      "key": "projected_view_count_lower_than_reference",
      "severity": "need_review",
      "reference": 2,
      "generated": 1,
      "fix_suggestion": "Use real projected views for the orthographic top/right views."
    },
    {
      "key": "display_dim_count_higher_than_reference",
      "severity": "need_review",
      "reference": 10,
      "generated": 43,
      "fix_suggestion": "Avoid over-dimensioning beyond the same-name reference drawing style; prefer the minimum manufacturable set."
    },
    {
      "key": "view_layout_center_shifted_from_reference",
      "severity": "need_review",
      "reference": {
        "slot": "front",
        "center_norm": [
          0.3763,
          0.6898
        ],
        "tolerance_norm": 0.08
      },
      "generated": {
        "slot": "front",
        "center_norm": [
          0.7744,
          0.8571
        ],
        "distance_norm": 0.4318
      },
      "fix_suggestion": "Place the generated view center within the learned reference layout tolerance for this LB26001 sample."
    },
    {
      "key": "view_layout_center_shifted_from_reference",
      "severity": "need_review",
      "reference": {
        "slot": "iso",
        "center_norm": [
          0.7336,
          0.462
        ],
        "tolerance_norm": 0.08
      },
      "generated": {
        "slot": "iso",
        "center_norm": [
          0.6061,
          0.6667
        ],
        "distance_norm": 0.2412
      },
      "fix_suggestion": "Place the generated view center within the learned reference layout tolerance for this LB26001 sample."
    },
    {
      "key": "view_layout_center_missing",
      "severity": "need_review",
      "reference": {
        "slot": "right",
        "center_norm": [
          0.7071,
          0.6898
        ]
      },
      "generated": {
        "available_slots": [
          "front",
          "iso",
          "top"
        ]
      },
      "fix_suggestion": "Create the same semantic view slot as the reference drawing before accepting this generated drawing."
    },
    {
      "key": "view_layout_center_shifted_from_reference",
      "severity": "need_review",
      "reference": {
        "slot": "top",