{
  "base": "LB26001-A-04-040",
  "status": "need_review",
  "pass": false,
  "view_style_score": 0.679,
  "dimension_style_score": 0.244,
  "layout_style_score": 0.352,
  "overall_style_score": 0.418,
  "reference": {
    "base": "LB26001-A-04-040",
    "path": "C:\\Users\\Vision\\Desktop\\SW 相关\\3D转2D测试图纸\\LB26001-A-04-040.SLDDRW",
    "success": true,
    "reason": "",
    "view_count": 4,
    "view_types": {
      "7": 2,
      "4": 2
    },
    "display_dim_count": 10,
    "annotation_count": 0,
    "sheet_size_m": {
      "width": 0.297,
      "height": 0.21
    },
    "view_layout": [
      {
        "name": "工程图视图1",
        "type": "7",
        "outline_m": [
          0.091287,
          0.1491,
          0.128713,
          0.177
        ],
        "center_m": [
          0.11,
          0.16305
        ],
        "size_m": [
          0.037427,
          0.0279
        ],
        "center_norm": [
          0.3704,
          0.7764
        ],
        "size_norm": [
          0.126,
          0.1329
        ]
      },
      {
        "name": "工程图视图2",
        "type": "4",
        "outline_m": [
          0.156301,
          0.1491,
          0.172701,
          0.177
        ],
        "center_m": [
          0.164501,
          0.16305
        ],
        "size_m": [
          0.0164,
          0.0279
        ],
        "center_norm": [
          0.5539,
          0.7764
        ],
        "size_norm": [
          0.0552,
          0.1329
        ]
      },
      {
        "name": "工程图视图3",
        "type": "4",
        "outline_m": [
          0.091287,
          0.1027,
          0.128713,
          0.1191
        ],
        "center_m": [
          0.11,
          0.1109
        ],
        "size_m": [
          0.037427,
          0.0164
        ],
        "center_norm": [
          0.3704,
          0.5281
        ],
        "size_norm": [
          0.126,
          0.0781
        ]
      },
      {
        "name": "工程图视图4",
        "type": "7",
        "outline_m": [
          0.200939,
          0.097968,
          0.219061,
          0.123832
        ],
        "center_m": [
          0.21,
          0.1109
        ],
        "size_m": [
          0.018123,
          0.025864
        ],
        "center_norm": [
          0.7071,
          0.5281
        ],
        "size_norm": [
          0.061,
          0.1232
        ]
      }
    ],
    "sidecar_report": "C:\\Users\\Vision\\Desktop\\SW 相关\\drw_output\\reference_metrics_sidecar\\LB26001-A-04-040_reference.json",
    "source": "csharp_sidecar"
  },
  "generated": {
    "base": "LB26001-A-04-040",
    "path": "C:\\Users\\Vision\\Desktop\\SW 相关\\drw_output\\runs\\a55d0d0ce2ba\\drawing\\LB26001-A-04-040_v5.SLDDRW",
    "success": true,
    "reason": "",
    "view_count": 4,
    "view_types": {
      "7": 3,
      "4": 1
    },
    "display_dim_count": 41,
    "annotation_count": 0,
    "sheet_size_m": {
      "width": 0.297,
      "height": 0.21
    },
    "view_layout": [
      {
        "name": "工程图视图1",
        "type": "7",
        "outline_m": [
          0.070925,
          0.128543,
          0.089075,
          0.151457
        ],
        "center_m": [
          0.08,
          0.14
        ],
        "size_m": [
          0.01815,
          0.022913
        ],
        "center_norm": [
          0.2694,
          0.6667
        ],
        "size_norm": [
          0.0611,
          0.1091
        ]
      },
      {
        "name": "工程图视图2",
        "type": "4",
        "outline_m": [
          0.070925,
          0.0738,
          0.089075,
          0.0862
        ],
        "center_m": [
          0.08,
          0.08
        ],
        "size_m": [
          0.01815,
          0.0124
        ],
        "center_norm": [
          0.2694,
          0.381
        ],
        "size_norm": [
          0.0611,
          0.059
        ]
      },
      {
        "name": "工程图视图3",
        "type": "7",
        "outline_m": [
          0.1738,
          0.128543,
          0.1862,
          0.151457
        ],
        "center_m": [
          0.18,
          0.14
        ],
        "size_m": [
          0.0124,
          0.022913
        ],
        "center_norm": [
          0.6061,
          0.6667
        ],
        "size_norm": [
          0.0418,
          0.1091
        ]
      },
      {
        "name": "工程图视图4",
        "type": "7",
        "outline_m": [
          0.220939,
          0.167068,
          0.239061,
          0.192932
        ],
        "center_m": [
          0.23,
          0.18
        ],
        "size_m": [
          0.018123,
          0.025864
        ],
        "center_norm": [
          0.7744,
          0.8571
        ],
        "size_norm": [
          0.061,
          0.1232
        ]
      }
    ],
    "sidecar_report": "C:\\Users\\Vision\\Desktop\\SW 相关\\drw_output\\reference_metrics_sidecar\\LB26001-A-04-040_generated.json",
    "source": "csharp_sidecar"
  },
  "qc_display_dim_count": 4,
  "differences": [
    {
      "key": "view_type_count_lower_than_reference",
      "severity": "need_review",
      "reference": {
        "type": "4",
        "count": 2
      },
      "generated": {
        "type": "4",
        "count": 1
      },
      "fix_suggestion": "Create the same number of reference view-family instances for this known LB26001 sample."
    },
    {
      "key": "view_type_count_higher_than_reference",
      "severity": "need_review",
      "reference": {
        "type": "7",
        "count": 2
      },
      "generated": {
        "type": "7",
        "count": 3
      },
      "fix_suggestion": "Remove extra views from this view family or prove the same-name reference requires them."
    },
    {
      "key": "projected_view_count_lower_than_reference",
      "severity": "need_review",
      "reference": 2,
      "generated": 1,
      "fix_suggestion": "Use real projected views for the orthographic top/right views."
    },
    {
      "key": "display_dim_count_higher_than_reference",
      "severity": "need_review",
      "reference": 10,
      "generated": 41,
      "fix_suggestion": "Avoid over-dimensioning beyond the same-name reference drawing style; prefer the minimum manufacturable set."
    },
    {
      "key": "view_layout_center_shifted_from_reference",
      "severity": "need_review",
      "reference": {
        "slot": "front",
        "center_norm": [
          0.3704,
          0.7764
        ],
        "tolerance_norm": 0.08
      },
      "generated": {
        "slot": "front",
        "center_norm": [
          0.7744,
          0.8571
        ],
        "distance_norm": 0.412
      },
      "fix_suggestion": "Place the generated view center within the learned reference layout tolerance for this LB26001 sample."
    },
    {
      "key": "view_layout_center_shifted_from_reference",
      "severity": "need_review",
      "reference": {
        "slot": "iso",
        "center_norm": [
          0.7071,
          0.5281
        ],
        "tolerance_norm": 0.08
      },
      "generated": {
        "slot": "iso",
        "center_norm": [
          0.6061,
          0.6667
        ],
        "distance_norm": 0.1715
      },
      "fix_suggestion": "Place the generated view center within the learned reference layout tolerance for this LB26001 sample."
    },
    {
      "key": "view_layout_center_missing",
      "severity": "need_review",
      "reference": {
        "slot": "right",
        "center_norm": [
          0.5539,
          0.7764
        ]
      },
      "generated": {
        "available_slots": [
          "front",
          "iso",
          "top"
        ]
      },
      "fix_suggestion": "Create the same semantic view slot as the reference drawing before accepting this generated drawing."
    },
    {
      "key": "view_layout_center_shifted_from_reference",
      "severity": "need_review",
      "reference": {
        "slot": "top",
        "center_norm": [
          0.3704,
          0.5281
        ],