{
  "base": "LB26001-A-04-033",
  "status": "need_review",
  "pass": false,
  "view_style_score": 0.679,
  "dimension_style_score": 0.73,
  "layout_style_score": 0.282,
  "overall_style_score": 0.623,
  "reference": {
    "base": "LB26001-A-04-033",
    "path": "C:\\Users\\Vision\\Desktop\\SW 相关\\3D转2D测试图纸\\LB26001-A-04-033.SLDDRW",
    "success": true,
    "reason": "",
    "view_count": 4,
    "view_types": {
      "7": 2,
      "4": 2
    },
    "display_dim_count": 27,
    "annotation_count": 0,
    "sheet_size_m": {
      "width": 0.297,
      "height": 0.21
    },
    "view_layout": [
      {
        "name": "工程图视图1",
        "type": "7",
        "outline_m": [
          0.077175,
          0.1249,
          0.142825,
          0.177
        ],
        "center_m": [
          0.11,
          0.15095
        ],
        "size_m": [
          0.06565,
          0.0521
        ],
        "center_norm": [
          0.3704,
          0.7188
        ],
        "size_norm": [
          0.221,
          0.2481
        ]
      },
      {
        "name": "工程图视图2",
        "type": "4",
        "outline_m": [
          0.2033,
          0.1249,
          0.2167,
          0.177
        ],
        "center_m": [
          0.21,
          0.15095
        ],
        "size_m": [
          0.0134,
          0.0521
        ],
        "center_norm": [
          0.7071,
          0.7188
        ],
        "size_norm": [
          0.0451,
          0.2481
        ]
      },
      {
        "name": "工程图视图3",
        "type": "4",
        "outline_m": [
          0.077175,
          0.0815,
          0.142825,
          0.0949
        ],
        "center_m": [
          0.11,
          0.0882
        ],
        "size_m": [
          0.06565,
          0.0134
        ],
        "center_norm": [
          0.3704,
          0.42
        ],
        "size_norm": [
          0.221,
          0.0638
        ]
      },
      {
        "name": "工程图视图4",
        "type": "7",
        "outline_m": [
          0.214264,
          0.050613,
          0.266682,
          0.120106
        ],
        "center_m": [
          0.240473,
          0.085359
        ],
        "size_m": [
          0.052417,
          0.069494
        ],
        "center_norm": [
          0.8097,
          0.4065
        ],
        "size_norm": [
          0.1765,
          0.3309
        ]
      }
    ],
    "sidecar_report": "C:\\Users\\Vision\\Desktop\\SW 相关\\drw_output\\reference_metrics_sidecar\\LB26001-A-04-033_reference.json",
    "source": "csharp_sidecar"
  },
  "generated": {
    "base": "LB26001-A-04-033",
    "path": "C:\\Users\\Vision\\Desktop\\SW 相关\\drw_output\\runs\\af4993295cd7\\drawing\\LB26001-A-04-033_v5.SLDDRW",
    "success": true,
    "reason": "",
    "view_count": 4,
    "view_types": {
      "7": 3,
      "4": 1
    },
    "display_dim_count": 37,
    "annotation_count": 0,
    "sheet_size_m": {
      "width": 0.297,
      "height": 0.21
    },
    "view_layout": [
      {
        "name": "工程图视图1",
        "type": "7",
        "outline_m": [
          0.06277,
          0.12706,
          0.09723,
          0.15294
        ],
        "center_m": [
          0.08,
          0.14
        ],
        "size_m": [
          0.03446,
          0.02588
        ],
        "center_norm": [
          0.2694,
          0.6667
        ],
        "size_norm": [
          0.116,
          0.1232
        ]
      },
      {
        "name": "工程图视图2",
        "type": "4",
        "outline_m": [
          0.06435,
          0.0748,
          0.09565,
          0.0852
        ],
        "center_m": [
          0.08,
          0.08
        ],
        "size_m": [
          0.0313,
          0.0104
        ],
        "center_norm": [
          0.2694,
          0.381
        ],
        "size_norm": [
          0.1054,
          0.0495
        ]
      },
      {
        "name": "工程图视图3",
        "type": "7",
        "outline_m": [
          0.1748,
          0.12706,
          0.1852,
          0.15294
        ],
        "center_m": [
          0.18,
          0.14
        ],
        "size_m": [
          0.0104,
          0.02588
        ],
        "center_norm": [
          0.6061,
          0.6667
        ],
        "size_norm": [
          0.035,
          0.1232
        ]
      },
      {
        "name": "工程图视图4",
        "type": "7",
        "outline_m": [
          0.216997,
          0.163581,
          0.243003,
          0.196419
        ],
        "center_m": [
          0.23,
          0.18
        ],
        "size_m": [
          0.026007,
          0.032837
        ],
        "center_norm": [
          0.7744,
          0.8571
        ],
        "size_norm": [
          0.0876,
          0.1564
        ]
      }
    ],
    "sidecar_report": "C:\\Users\\Vision\\Desktop\\SW 相关\\drw_output\\reference_metrics_sidecar\\LB26001-A-04-033_generated.json",
    "source": "csharp_sidecar"
  },
  "qc_display_dim_count": 0,
  "differences": [
    {
      "key": "view_type_count_lower_than_reference",
      "severity": "need_review",
      "reference": {
        "type": "4",
        "count": 2
      },
      "generated": {
        "type": "4",
        "count": 1
      },
      "fix_suggestion": "Create the same number of reference view-family instances for this known LB26001 sample."
    },
    {
      "key": "view_type_count_higher_than_reference",
      "severity": "need_review",
      "reference": {
        "type": "7",
        "count": 2
      },
      "generated": {
        "type": "7",
        "count": 3
      },
      "fix_suggestion": "Remove extra views from this view family or prove the same-name reference requires them."
    },
    {
      "key": "projected_view_count_lower_than_reference",
      "severity": "need_review",
      "reference": 2,
      "generated": 1,
      "fix_suggestion": "Use real projected views for the orthographic top/right views."
    },
    {
      "key": "view_layout_center_shifted_from_reference",
      "severity": "need_review",
      "reference": {
        "slot": "front",
        "center_norm": [
          0.3704,
          0.7188
        ],
        "tolerance_norm": 0.08
      },
      "generated": {
        "slot": "front",
        "center_norm": [
          0.7744,
          0.8571
        ],
        "distance_norm": 0.427
      },
      "fix_suggestion": "Place the generated view center within the learned reference layout tolerance for this LB26001 sample."
    },
    {
      "key": "view_layout_center_shifted_from_reference",
      "severity": "need_review",
      "reference": {
        "slot": "iso",
        "center_norm": [
          0.8097,
          0.4065
        ],
        "tolerance_norm": 0.08
      },
      "generated": {
        "slot": "iso",
        "center_norm": [
          0.6061,
          0.6667
        ],
        "distance_norm": 0.3304
      },
      "fix_suggestion": "Place the generated view center within the learned reference layout tolerance for this LB26001 sample."
    },
    {
      "key": "view_layout_center_missing",
      "severity": "need_review",
      "reference": {
        "slot": "right",
        "center_norm": [
          0.7071,
          0.7188
        ]
      },
      "generated": {
        "available_slots": [
          "front",
          "iso",
          "top"
        ]
      },
      "fix_suggestion": "Create the same semantic view slot as the reference drawing before accepting this generated drawing."
    },
    {
      "key": "view_layout_center_shifted_from_reference",
      "severity": "need_review",
      "reference": {
        "slot": "top",
        "center_norm": [
          0.3704,
          0.42
        ],
        "tolerance_norm": 0.08
      },
      "generated": {
        "slot": "top",
        "center_norm": [
          0.2694,
          0.381
        ],
        "distance_norm": 0.1083
      },