{
  "base": "LB26001-A-04-035",
  "status": "need_review",
  "pass": false,
  "view_style_score": 1.0,
  "dimension_style_score": 0.688,
  "layout_style_score": 0.67,
  "overall_style_score": 0.794,
  "reference": {
    "base": "LB26001-A-04-035",
    "path": "C:\\Users\\Vision\\Desktop\\SW 相关\\3D转2D测试图纸\\LB26001-A-04-035.SLDDRW",
    "success": true,
    "reason": "",
    "view_count": 4,
    "view_types": {
      "7": 1,
      "4": 3
    },
    "display_dim_count": 11,
    "annotation_count": 0,
    "sheet_size_m": {
      "width": 0.297,
      "height": 0.21
    },
    "view_layout": [
      {
        "name": "工程图视图1",
        "type": "7",
        "outline_m": [
          0.056464,
          0.114042,
          0.103864,
          0.184578
        ],
        "center_m": [
          0.080164,
          0.14931
        ],
        "size_m": [
          0.0474,
          0.070536
        ],
        "center_norm": [
          0.2699,
          0.711
        ],
        "size_norm": [
          0.1596,
          0.3359
        ]
      },
      {
        "name": "工程图视图2",
        "type": "4",
        "outline_m": [
          0.056464,
          0.060011,
          0.103864,
          0.084411
        ],
        "center_m": [
          0.080164,
          0.072211
        ],
        "size_m": [
          0.0474,
          0.0244
        ],
        "center_norm": [
          0.2699,
          0.3439
        ],
        "size_norm": [
          0.1596,
          0.1162
        ]
      },
      {
        "name": "工程图视图3",
        "type": "4",
        "outline_m": [
          0.148903,
          0.114042,
          0.173303,
          0.184578
        ],
        "center_m": [
          0.161103,
          0.14931
        ],
        "size_m": [
          0.0244,
          0.070536
        ],
        "center_norm": [
          0.5424,
          0.711
        ],
        "size_norm": [
          0.0822,
          0.3359
        ]
      },
      {
        "name": "工程图视图4",
        "type": "4",
        "outline_m": [
          0.195651,
          0.05623,
          0.242942,
          0.137818
        ],
        "center_m": [
          0.219297,
          0.097024
        ],
        "size_m": [
          0.047291,
          0.081588
        ],
        "center_norm": [
          0.7384,
          0.462
        ],
        "size_norm": [
          0.1592,
          0.3885
        ]
      }
    ],
    "sidecar_report": "C:\\Users\\Vision\\Desktop\\SW 相关\\drw_output\\reference_metrics_sidecar\\LB26001-A-04-035_reference.json",
    "source": "csharp_sidecar"
  },
  "generated": {
    "base": "LB26001-A-04-035",
    "path": "C:\\Users\\Vision\\Desktop\\SW 相关\\drw_output\\runs\\54dfb4298d6e\\drawing\\LB26001-A-04-035_v5.SLDDRW",
    "success": true,
    "reason": "",
    "view_count": 4,
    "view_types": {
      "7": 1,
      "4": 3
    },
    "display_dim_count": 16,
    "annotation_count": 0,
    "sheet_size_m": {
      "width": 0.297,
      "height": 0.21
    },
    "view_layout": [
      {
        "name": "工程图视图1",
        "type": "7",
        "outline_m": [
          0.071089,
          0.137343,
          0.089239,
          0.161277
        ],
        "center_m": [
          0.080164,
          0.14931
        ],
        "size_m": [
          0.01815,
          0.023934
        ],
        "center_norm": [
          0.2699,
          0.711
        ],
        "size_norm": [
          0.0611,
          0.114
        ]
      },
      {
        "name": "工程图视图2",
        "type": "4",
        "outline_m": [
          0.071089,
          0.066011,
          0.089239,
          0.078411
        ],
        "center_m": [
          0.080164,
          0.072211
        ],
        "size_m": [
          0.01815,
          0.0124
        ],
        "center_norm": [
          0.2699,
          0.3439
        ],
        "size_norm": [
          0.0611,
          0.059
        ]
      },
      {
        "name": "工程图视图3",
        "type": "4",
        "outline_m": [
          0.154903,
          0.137343,
          0.167303,
          0.161277
        ],
        "center_m": [
          0.161103,
          0.14931
        ],
        "size_m": [
          0.0124,
          0.023934
        ],
        "center_norm": [
          0.5424,
          0.711
        ],
        "size_norm": [
          0.0418,
          0.114
        ]
      },
      {
        "name": "工程图视图4",
        "type": "4",
        "outline_m": [
          0.220939,
          0.166652,
          0.239061,
          0.193348
        ],
        "center_m": [
          0.23,
          0.18
        ],
        "size_m": [
          0.018123,
          0.026697
        ],
        "center_norm": [
          0.7744,
          0.8571
        ],
        "size_norm": [
          0.061,
          0.1271
        ]
      }
    ],
    "sidecar_report": "C:\\Users\\Vision\\Desktop\\SW 相关\\drw_output\\reference_metrics_sidecar\\LB26001-A-04-035_generated.json",
    "source": "csharp_sidecar"
  },
  "qc_display_dim_count": 4,
  "differences": [
    {
      "key": "view_layout_center_shifted_from_reference",
      "severity": "need_review",
      "reference": {
        "slot": "right",
        "center_norm": [
          0.7384,
          0.462
        ],
        "tolerance_norm": 0.08
      },
      "generated": {
        "slot": "right",
        "center_norm": [
          0.7744,
          0.8571
        ],
        "distance_norm": 0.3967
      },
      "fix_suggestion": "Place the generated view center within the learned reference layout tolerance for this LB26001 sample."
    }
  ],
  "reasons": [
    "view_layout_center_shifted_from_reference"
  ],
  "schema": "sw_drawing_studio.reference_style_case.v1",
  "generated_at": "2026-06-22 19:43:03",
  "part": "C:\\Users\\Vision\\Desktop\\SW 相关\\3D转2D测试图纸\\LB26001-A-04-035.SLDPRT",
  "reference_compare_report": "C:\\Users\\Vision\\Desktop\\SW 相关\\drw_output\\staged_validation\\LB26001_035_projection_layout_probe_20260622\\01_LB26001-A-04-035\\reference_compare.json",
  "dimension_report": "C:\\Users\\Vision\\Desktop\\SW 相关\\drw_output\\staged_validation\\LB26001_035_projection_layout_probe_20260622\\01_LB26001-A-04-035\\dimension_validation.json"
}