{
  "base": "LB26001-A-04-002",
  "status": "fail",
  "pass": false,
  "view_style_score": 0.679,
  "dimension_style_score": 0.833,
  "layout_style_score": 0.207,
  "overall_style_score": 0.654,
  "reference": {
    "base": "LB26001-A-04-002",
    "path": "C:\\Users\\Vision\\Desktop\\SW 相关\\3D转2D测试图纸\\LB26001-A-04-002.SLDDRW",
    "success": true,
    "reason": "",
    "view_count": 4,
    "view_types": {
      "7": 2,
      "4": 2
    },
    "display_dim_count": 12,
    "annotation_count": 0,
    "sheet_size_m": {
      "width": 0.297,
      "height": 0.21
    },
    "view_layout": [
      {
        "name": "工程图视图1",
        "type": "7",
        "outline_m": [
          0.05455,
          0.16485,
          0.16545,
          0.177
        ],
        "center_m": [
          0.11,
          0.170925
        ],
        "size_m": [
          0.1109,
          0.01215
        ],
        "center_norm": [
          0.3704,
          0.8139
        ],
        "size_norm": [
          0.3734,
          0.0579
        ]
      },
      {
        "name": "工程图视图2",
        "type": "4",
        "outline_m": [
          0.2043,
          0.16485,
          0.2157,
          0.177
        ],
        "center_m": [
          0.21,
          0.170925
        ],
        "size_m": [
          0.0114,
          0.01215
        ],
        "center_norm": [
          0.7071,
          0.8139
        ],
        "size_norm": [
          0.0384,
          0.0579
        ]
      },
      {
        "name": "工程图视图3",
        "type": "4",
        "outline_m": [
          0.05455,
          0.12345,
          0.16545,
          0.13485
        ],
        "center_m": [
          0.11,
          0.12915
        ],
        "size_m": [
          0.1109,
          0.0114
        ],
        "center_norm": [
          0.3704,
          0.615
        ],
        "size_norm": [
          0.3734,
          0.0543
        ]
      },
      {
        "name": "工程图视图4",
        "type": "7",
        "outline_m": [
          0.220235,
          0.085946,
          0.265935,
          0.11741
        ],
        "center_m": [
          0.243085,
          0.101678
        ],
        "size_m": [
          0.0457,
          0.031464
        ],
        "center_norm": [
          0.8185,
          0.4842
        ],
        "size_norm": [
          0.1539,
          0.1498
        ]
      }
    ],
    "sidecar_report": "C:\\Users\\Vision\\Desktop\\SW 相关\\drw_output\\reference_metrics_sidecar\\LB26001-A-04-002_reference.json",
    "source": "csharp_sidecar"
  },
  "generated": {
    "base": "LB26001-A-04-002",
    "path": "C:\\Users\\Vision\\Desktop\\SW 相关\\drw_output\\runs\\5abbd9c2a600\\drawing\\LB26001-A-04-002_v5.SLDDRW",
    "success": true,
    "reason": "",
    "view_count": 4,
    "view_types": {
      "7": 3,
      "4": 1
    },
    "display_dim_count": 10,
    "annotation_count": 0,
    "sheet_size_m": {
      "width": 0.297,
      "height": 0.21
    },
    "view_layout": [
      {
        "name": "工程图视图1",
        "type": "7",
        "outline_m": [
          0.0553,
          0.13505,
          0.1047,
          0.14495
        ],
        "center_m": [
          0.08,
          0.14
        ],
        "size_m": [
          0.0494,
          0.0099
        ],
        "center_norm": [
          0.2694,
          0.6667
        ],
        "size_norm": [
          0.1663,
          0.0471
        ]
      },
      {
        "name": "工程图视图2",
        "type": "4",
        "outline_m": [
          0.0553,
          0.0752,
          0.1047,
          0.0848
        ],
        "center_m": [
          0.08,
          0.08
        ],
        "size_m": [
          0.0494,
          0.0096
        ],
        "center_norm": [
          0.2694,
          0.381
        ],
        "size_norm": [
          0.1663,
          0.0457
        ]
      },
      {
        "name": "工程图视图3",
        "type": "7",
        "outline_m": [
          0.1752,
          0.13505,
          0.1848,
          0.14495
        ],
        "center_m": [
          0.18,
          0.14
        ],
        "size_m": [
          0.0096,
          0.0099
        ],
        "center_norm": [
          0.6061,
          0.6667
        ],
        "size_norm": [
          0.0323,
          0.0471
        ]
      },
      {
        "name": "工程图视图4",
        "type": "7",
        "outline_m": [
          0.21088,
          0.166574,
          0.24912,
          0.193426
        ],
        "center_m": [
          0.23,
          0.18
        ],
        "size_m": [
          0.03824,
          0.026851
        ],
        "center_norm": [
          0.7744,
          0.8571
        ],
        "size_norm": [
          0.1288,
          0.1279
        ]
      }
    ],
    "sidecar_report": "C:\\Users\\Vision\\Desktop\\SW 相关\\drw_output\\reference_metrics_sidecar\\LB26001-A-04-002_generated.json",
    "source": "csharp_sidecar"
  },
  "qc_display_dim_count": 0,
  "differences": [
    {
      "key": "view_type_count_lower_than_reference",
      "severity": "need_review",
      "reference": {
        "type": "4",
        "count": 2
      },
      "generated": {
        "type": "4",
        "count": 1
      },
      "fix_suggestion": "Create the same number of reference view-family instances for this known LB26001 sample."
    },
    {
      "key": "view_type_count_higher_than_reference",
      "severity": "need_review",
      "reference": {
        "type": "7",
        "count": 2
      },
      "generated": {
        "type": "7",
        "count": 3
      },
      "fix_suggestion": "Remove extra views from this view family or prove the same-name reference requires them."
    },
    {
      "key": "projected_view_count_lower_than_reference",
      "severity": "need_review",
      "reference": 2,
      "generated": 1,
      "fix_suggestion": "Use real projected views for the orthographic top/right views."
    },
    {
      "key": "display_dim_count_lower_than_reference",
      "severity": "fail",
      "reference": 12,
      "generated": 10,
      "fix_suggestion": "Bring generated DisplayDim coverage up to the same-name reference drawing baseline."
    },
    {
      "key": "view_layout_center_shifted_from_reference",
      "severity": "need_review",
      "reference": {
        "slot": "front",
        "center_norm": [
          0.3704,
          0.8139
        ],
        "tolerance_norm": 0.08
      },
      "generated": {
        "slot": "front",
        "center_norm": [
          0.7744,
          0.8571
        ],
        "distance_norm": 0.4063
      },
      "fix_suggestion": "Place the generated view center within the learned reference layout tolerance for this LB26001 sample."
    },
    {
      "key": "view_layout_center_shifted_from_reference",
      "severity": "need_review",
      "reference": {
        "slot": "iso",
        "center_norm": [
          0.8185,
          0.4842
        ],
        "tolerance_norm": 0.08
      },
      "generated": {
        "slot": "iso",
        "center_norm": [
          0.6061,
          0.6667
        ],
        "distance_norm": 0.28
      },
      "fix_suggestion": "Place the generated view center within the learned reference layout tolerance for this LB26001 sample."
    },
    {
      "key": "view_layout_center_missing",
      "severity": "need_review",
      "reference": {
        "slot": "right",
        "center_norm": [
          0.7071,
          0.8139
        ]
      },
      "generated": {
        "available_slots": [
          "front",
          "iso",
          "top"
        ]
      },
      "fix_suggestion": "Create the same semantic view slot as the reference drawing before accepting this generated drawing."
    },
    {
      "key": "view_layout_center_shifted_from_reference",
      "severity": "need_review",
      "reference": {
        "slot": "top",
        "center_norm": [
          0.3704,
          0.615
        ],
        "tolerance_norm": 0.08
      },