{
  "base": "LB26001-A-04-003",
  "status": "need_review",
  "pass": false,
  "view_style_score": 0.679,
  "dimension_style_score": 0.5,
  "layout_style_score": 0.268,
  "overall_style_score": 0.516,
  "reference": {
    "base": "LB26001-A-04-003",
    "path": "C:\\Users\\Vision\\Desktop\\SW 相关\\3D转2D测试图纸\\LB26001-A-04-003.SLDDRW",
    "success": true,
    "reason": "",
    "view_count": 4,
    "view_types": {
      "7": 2,
      "4": 2
    },
    "display_dim_count": 6,
    "annotation_count": 0,
    "sheet_size_m": {
      "width": 0.297,
      "height": 0.21
    },
    "view_layout": [
      {
        "name": "工程图视图1",
        "type": "7",
        "outline_m": [
          0.059133,
          0.1636,
          0.160867,
          0.177
        ],
        "center_m": [
          0.11,
          0.1703
        ],
        "size_m": [
          0.101733,
          0.0134
        ],
        "center_norm": [
          0.3704,
          0.811
        ],
        "size_norm": [
          0.3425,
          0.0638
        ]
      },
      {
        "name": "工程图视图2",
        "type": "4",
        "outline_m": [
          0.2038,
          0.1636,
          0.2162,
          0.177
        ],
        "center_m": [
          0.21,
          0.1703
        ],
        "size_m": [
          0.0124,
          0.0134
        ],
        "center_norm": [
          0.7071,
          0.811
        ],
        "size_norm": [
          0.0418,
          0.0638
        ]
      },
      {
        "name": "工程图视图3",
        "type": "4",
        "outline_m": [
          0.059133,
          0.1212,
          0.160867,
          0.1336
        ],
        "center_m": [
          0.11,
          0.1274
        ],
        "size_m": [
          0.101733,
          0.0124
        ],
        "center_norm": [
          0.3704,
          0.6067
        ],
        "size_norm": [
          0.3425,
          0.059
        ]
      },
      {
        "name": "工程图视图4",
        "type": "7",
        "outline_m": [
          0.210158,
          0.100135,
          0.25297,
          0.130442
        ],
        "center_m": [
          0.231564,
          0.115289
        ],
        "size_m": [
          0.042813,
          0.030307
        ],
        "center_norm": [
          0.7797,
          0.549
        ],
        "size_norm": [
          0.1441,
          0.1443
        ]
      }
    ],
    "sidecar_report": "C:\\Users\\Vision\\Desktop\\SW 相关\\drw_output\\reference_metrics_sidecar\\LB26001-A-04-003_reference.json",
    "source": "csharp_sidecar"
  },
  "generated": {
    "base": "LB26001-A-04-003",
    "path": "C:\\Users\\Vision\\Desktop\\SW 相关\\drw_output\\runs\\45c9427359ca\\drawing\\LB26001-A-04-003_v5.SLDDRW",
    "success": true,
    "reason": "",
    "view_count": 4,
    "view_types": {
      "7": 3,
      "4": 1
    },
    "display_dim_count": 12,
    "annotation_count": 0,
    "sheet_size_m": {
      "width": 0.297,
      "height": 0.21
    },
    "view_layout": [
      {
        "name": "工程图视图1",
        "type": "7",
        "outline_m": [
          0.0478,
          0.1343,
          0.1122,
          0.1457
        ],
        "center_m": [
          0.08,
          0.14
        ],
        "size_m": [
          0.0644,
          0.0114
        ],
        "center_norm": [
          0.2694,
          0.6667
        ],
        "size_norm": [
          0.2168,
          0.0543
        ]
      },
      {
        "name": "工程图视图2",
        "type": "4",
        "outline_m": [
          0.0478,
          0.0746,
          0.1122,
          0.0854
        ],
        "center_m": [
          0.08,
          0.08
        ],
        "size_m": [
          0.0644,
          0.0108
        ],
        "center_norm": [
          0.2694,
          0.381
        ],
        "size_norm": [
          0.2168,
          0.0514
        ]
      },
      {
        "name": "工程图视图3",
        "type": "7",
        "outline_m": [
          0.1746,
          0.1343,
          0.1854,
          0.1457
        ],
        "center_m": [
          0.18,
          0.14
        ],
        "size_m": [
          0.0108,
          0.0114
        ],
        "center_norm": [
          0.6061,
          0.6667
        ],
        "size_norm": [
          0.0364,
          0.0543
        ]
      },
      {
        "name": "工程图视图4",
        "type": "7",
        "outline_m": [
          0.205152,
          0.162656,
          0.254848,
          0.197344
        ],
        "center_m": [
          0.23,
          0.18
        ],
        "size_m": [
          0.049695,
          0.034689
        ],
        "center_norm": [
          0.7744,
          0.8571
        ],
        "size_norm": [
          0.1673,
          0.1652
        ]
      }
    ],
    "sidecar_report": "C:\\Users\\Vision\\Desktop\\SW 相关\\drw_output\\reference_metrics_sidecar\\LB26001-A-04-003_generated.json",
    "source": "csharp_sidecar"
  },
  "qc_display_dim_count": 0,
  "differences": [
    {
      "key": "view_type_count_lower_than_reference",
      "severity": "need_review",
      "reference": {
        "type": "4",
        "count": 2
      },
      "generated": {
        "type": "4",
        "count": 1
      },
      "fix_suggestion": "Create the same number of reference view-family instances for this known LB26001 sample."
    },
    {
      "key": "view_type_count_higher_than_reference",
      "severity": "need_review",
      "reference": {
        "type": "7",
        "count": 2
      },
      "generated": {
        "type": "7",
        "count": 3
      },
      "fix_suggestion": "Remove extra views from this view family or prove the same-name reference requires them."
    },
    {
      "key": "projected_view_count_lower_than_reference",
      "severity": "need_review",
      "reference": 2,
      "generated": 1,
      "fix_suggestion": "Use real projected views for the orthographic top/right views."
    },
    {
      "key": "display_dim_count_higher_than_reference",
      "severity": "need_review",
      "reference": 6,
      "generated": 12,
      "fix_suggestion": "Avoid over-dimensioning beyond the same-name reference drawing style; prefer the minimum manufacturable set."
    },
    {
      "key": "view_layout_center_shifted_from_reference",
      "severity": "need_review",
      "reference": {
        "slot": "front",
        "center_norm": [
          0.3704,
          0.811
        ],
        "tolerance_norm": 0.08
      },
      "generated": {
        "slot": "front",
        "center_norm": [
          0.7744,
          0.8571
        ],
        "distance_norm": 0.4066
      },
      "fix_suggestion": "Place the generated view center within the learned reference layout tolerance for this LB26001 sample."
    },
    {
      "key": "view_layout_center_shifted_from_reference",
      "severity": "need_review",
      "reference": {
        "slot": "iso",
        "center_norm": [
          0.7797,
          0.549
        ],
        "tolerance_norm": 0.08
      },
      "generated": {
        "slot": "iso",
        "center_norm": [
          0.6061,
          0.6667
        ],
        "distance_norm": 0.2097
      },
      "fix_suggestion": "Place the generated view center within the learned reference layout tolerance for this LB26001 sample."
    },
    {
      "key": "view_layout_center_missing",
      "severity": "need_review",
      "reference": {
        "slot": "right",
        "center_norm": [
          0.7071,
          0.811
        ]
      },
      "generated": {
        "available_slots": [
          "front",
          "iso",
          "top"
        ]
      },
      "fix_suggestion": "Create the same semantic view slot as the reference drawing before accepting this generated drawing."
    },
    {
      "key": "view_layout_center_shifted_from_reference",
      "severity": "need_review",
      "reference": {
        "slot": "top",
        "center_norm": [
          0.3704,
          0.6067
        ],
        "tolerance_norm": 0.08
      },