{
  "base": "LB26001-A-04-035",
  "status": "need_review",
  "pass": false,
  "view_style_score": 0.711,
  "dimension_style_score": 0.688,
  "layout_style_score": 0.333,
  "overall_style_score": 0.625,
  "reference": {
    "base": "LB26001-A-04-035",
    "path": "C:\\Users\\Vision\\Desktop\\SW 相关\\3D转2D测试图纸\\LB26001-A-04-035.SLDDRW",
    "success": true,
    "reason": "",
    "view_count": 4,
    "view_types": {
      "7": 1,
      "4": 3
    },
    "display_dim_count": 11,
    "annotation_count": 0,
    "sheet_size_m": {
      "width": 0.297,
      "height": 0.21
    },
    "view_layout": [
      {
        "name": "工程图视图1",
        "type": "7",
        "outline_m": [
          0.056464,
          0.114042,
          0.103864,
          0.184578
        ],
        "center_m": [
          0.080164,
          0.14931
        ],
        "size_m": [
          0.0474,
          0.070536
        ],
        "center_norm": [
          0.2699,
          0.711
        ],
        "size_norm": [
          0.1596,
          0.3359
        ]
      },
      {
        "name": "工程图视图2",
        "type": "4",
        "outline_m": [
          0.056464,
          0.060011,
          0.103864,
          0.084411
        ],
        "center_m": [
          0.080164,
          0.072211
        ],
        "size_m": [
          0.0474,
          0.0244
        ],
        "center_norm": [
          0.2699,
          0.3439
        ],
        "size_norm": [
          0.1596,
          0.1162
        ]
      },
      {
        "name": "工程图视图3",
        "type": "4",
        "outline_m": [
          0.148903,
          0.114042,
          0.173303,
          0.184578
        ],
        "center_m": [
          0.161103,
          0.14931
        ],
        "size_m": [
          0.0244,
          0.070536
        ],
        "center_norm": [
          0.5424,
          0.711
        ],
        "size_norm": [
          0.0822,
          0.3359
        ]
      },
      {
        "name": "工程图视图4",
        "type": "4",
        "outline_m": [
          0.195651,
          0.05623,
          0.242942,
          0.137818
        ],
        "center_m": [
          0.219297,
          0.097024
        ],
        "size_m": [
          0.047291,
          0.081588
        ],
        "center_norm": [
          0.7384,
          0.462
        ],
        "size_norm": [
          0.1592,
          0.3885
        ]
      }
    ],
    "sidecar_report": "C:\\Users\\Vision\\Desktop\\SW 相关\\drw_output\\reference_metrics_sidecar\\LB26001-A-04-035_reference.json",
    "source": "csharp_sidecar"
  },
  "generated": {
    "base": "LB26001-A-04-035",
    "path": "C:\\Users\\Vision\\Desktop\\SW 相关\\drw_output\\runs\\abe85723e54c\\drawing\\LB26001-A-04-035_v5.SLDDRW",
    "success": true,
    "reason": "",
    "view_count": 7,
    "view_types": {
      "7": 3,
      "4": 4
    },
    "display_dim_count": 16,
    "annotation_count": 0,
    "sheet_size_m": {
      "width": 0.297,
      "height": 0.21
    },
    "view_layout": [
      {
        "name": "工程图视图1",
        "type": "7",
        "outline_m": [
          0.075769,
          0.144799,
          0.084559,
          0.153821
        ],
        "center_m": [
          0.080164,
          0.14931
        ],
        "size_m": [
          0.00879,
          0.009021
        ],
        "center_norm": [
          0.2699,
          0.711
        ],
        "size_norm": [
          0.0296,
          0.043
        ]
      },
      {
        "name": "工程图视图2",
        "type": "4",
        "outline_m": [
          0.075769,
          0.067931,
          0.084559,
          0.076491
        ],
        "center_m": [
          0.080164,
          0.072211
        ],
        "size_m": [
          0.00879,
          0.00856
        ],
        "center_norm": [
          0.2699,
          0.3439
        ],
        "size_norm": [
          0.0296,
          0.0408
        ]
      },
      {
        "name": "工程图视图3",
        "type": "4",
        "outline_m": [
          0.156823,
          0.144799,
          0.165383,
          0.153821
        ],
        "center_m": [
          0.161103,
          0.14931
        ],
        "size_m": [
          0.00856,
          0.009021
        ],
        "center_norm": [
          0.5424,
          0.711
        ],
        "size_norm": [
          0.0288,
          0.043
        ]
      },
      {
        "name": "工程图视图4",
        "type": "7",
        "outline_m": [
          0.225605,
          0.175489,
          0.234395,
          0.184511
        ],
        "center_m": [
          0.23,
          0.18
        ],
        "size_m": [
          0.00879,
          0.009021
        ],
        "center_norm": [
          0.7744,
          0.8571
        ],
        "size_norm": [
          0.0296,
          0.043
        ]
      },
      {
        "name": "工程图视图5",
        "type": "4",
        "outline_m": [
          0.214902,
          0.092744,
          0.223692,
          0.101304
        ],
        "center_m": [
          0.219297,
          0.097024
        ],
        "size_m": [
          0.00879,
          0.00856
        ],
        "center_norm": [
          0.7384,
          0.462
        ],
        "size_norm": [
          0.0296,
          0.0408
        ]
      },
      {
        "name": "工程图视图6",
        "type": "7",
        "outline_m": [
          0.156823,
          0.144799,
          0.165383,
          0.153821
        ],
        "center_m": [
          0.161103,
          0.14931
        ],
        "size_m": [
          0.00856,
          0.009021
        ],
        "center_norm": [
          0.5424,
          0.711
        ],
        "size_norm": [
          0.0288,
          0.043
        ]
      },
      {
        "name": "工程图视图7",
        "type": "4",
        "outline_m": [
          0.214903,
          0.092458,
          0.223691,
          0.10159
        ],
        "center_m": [
          0.219297,
          0.097024
        ],
        "size_m": [
          0.008789,
          0.009132
        ],
        "center_norm": [
          0.7384,
          0.462
        ],
        "size_norm": [
          0.0296,
          0.0435
        ]
      }
    ],
    "sidecar_report": "C:\\Users\\Vision\\Desktop\\SW 相关\\drw_output\\reference_metrics_sidecar\\LB26001-A-04-035_generated.json",
    "source": "csharp_sidecar"
  },
  "qc_display_dim_count": 6,
  "differences": [
    {
      "key": "view_count_not_equal_reference",
      "severity": "need_review",
      "reference": 4,
      "generated": 7,
      "fix_suggestion": "Match the reference drawing view count for this known LB26001 sample."
    },
    {
      "key": "view_type_count_higher_than_reference",
      "severity": "need_review",
      "reference": {
        "type": "4",
        "count": 3
      },
      "generated": {
        "type": "4",
        "count": 4
      },
      "fix_suggestion": "Remove extra views from this view family or prove the same-name reference requires them."
    },
    {
      "key": "view_type_count_higher_than_reference",
      "severity": "need_review",
      "reference": {
        "type": "7",
        "count": 1
      },
      "generated": {
        "type": "7",
        "count": 3
      },
      "fix_suggestion": "Remove extra views from this view family or prove the same-name reference requires them."
    },
    {
      "key": "view_layout_center_shifted_from_reference",
      "severity": "need_review",
      "reference": {
        "slot": "front",
        "center_norm": [
          0.2699,
          0.711
        ],
        "tolerance_norm": 0.08
      },
      "generated": {
        "slot": "front",
        "center_norm": [
          0.7744,
          0.8571
        ],
        "distance_norm": 0.5252
      },
      "fix_suggestion": "Place the generated view center within the learned reference layout tolerance for this LB26001 sample."
    },
    {
      "key": "view_layout_center_shifted_from_reference",