{
  "base": "LB26001-A-04-023",
  "status": "need_review",
  "pass": false,
  "view_style_score": 0.679,
  "dimension_style_score": 0.305,
  "layout_style_score": 0.282,
  "overall_style_score": 0.431,
  "reference": {
    "base": "LB26001-A-04-023",
    "path": "C:\\Users\\Vision\\Desktop\\SW 相关\\3D转2D测试图纸\\LB26001-A-04-023.SLDDRW",
    "success": true,
    "reason": "",
    "view_count": 4,
    "view_types": {
      "7": 2,
      "4": 2
    },
    "display_dim_count": 18,
    "annotation_count": 0,
    "sheet_size_m": {
      "width": 0.297,
      "height": 0.21
    },
    "view_layout": [
      {
        "name": "工程图视图1",
        "type": "7",
        "outline_m": [
          0.071133,
          0.1286,
          0.148867,
          0.177
        ],
        "center_m": [
          0.11,
          0.1528
        ],
        "size_m": [
          0.077733,
          0.0484
        ],
        "center_norm": [
          0.3704,
          0.7276
        ],
        "size_norm": [
          0.2617,
          0.2305
        ]
      },
      {
        "name": "工程图视图2",
        "type": "4",
        "outline_m": [
          0.2018,
          0.1286,
          0.2182,
          0.177
        ],
        "center_m": [
          0.21,
          0.1528
        ],
        "size_m": [
          0.0164,
          0.0484
        ],
        "center_norm": [
          0.7071,
          0.7276
        ],
        "size_norm": [
          0.0552,
          0.2305
        ]
      },
      {
        "name": "工程图视图3",
        "type": "4",
        "outline_m": [
          0.071133,
          0.0822,
          0.148867,
          0.0986
        ],
        "center_m": [
          0.11,
          0.0904
        ],
        "size_m": [
          0.077733,
          0.0164
        ],
        "center_norm": [
          0.3704,
          0.4305
        ],
        "size_norm": [
          0.2617,
          0.0781
        ]
      },
      {
        "name": "工程图视图4",
        "type": "7",
        "outline_m": [
          0.188267,
          0.056069,
          0.273977,
          0.115632
        ],
        "center_m": [
          0.231122,
          0.085851
        ],
        "size_m": [
          0.08571,
          0.059563
        ],
        "center_norm": [
          0.7782,
          0.4088
        ],
        "size_norm": [
          0.2886,
          0.2836
        ]
      }
    ],
    "sidecar_report": "C:\\Users\\Vision\\Desktop\\SW 相关\\drw_output\\reference_metrics_sidecar\\LB26001-A-04-023_reference.json",
    "source": "csharp_sidecar"
  },
  "generated": {
    "base": "LB26001-A-04-023",
    "path": "C:\\Users\\Vision\\Desktop\\SW 相关\\drw_output\\runs\\444f08497ce8\\drawing\\LB26001-A-04-023_v5.SLDDRW",
    "success": true,
    "reason": "",
    "view_count": 4,
    "view_types": {
      "7": 3,
      "4": 1
    },
    "display_dim_count": 59,
    "annotation_count": 0,
    "sheet_size_m": {
      "width": 0.297,
      "height": 0.21
    },
    "view_layout": [
      {
        "name": "工程图视图1",
        "type": "7",
        "outline_m": [
          0.0654,
          0.1346,
          0.0946,
          0.1454
        ],
        "center_m": [
          0.08,
          0.14
        ],
        "size_m": [
          0.0292,
          0.0108
        ],
        "center_norm": [
          0.2694,
          0.6667
        ],
        "size_norm": [
          0.0983,
          0.0514
        ]
      },
      {
        "name": "工程图视图2",
        "type": "4",
        "outline_m": [
          0.05486,
          0.0698,
          0.0946,
          0.0902
        ],
        "center_m": [
          0.07473,
          0.08
        ],
        "size_m": [
          0.03974,
          0.0204
        ],
        "center_norm": [
          0.2516,
          0.381
        ],
        "size_norm": [
          0.1338,
          0.0971
        ]
      },
      {
        "name": "工程图视图3",
        "type": "7",
        "outline_m": [
          0.1698,
          0.1346,
          0.1902,
          0.1454
        ],
        "center_m": [
          0.18,
          0.14
        ],
        "size_m": [
          0.0204,
          0.0108
        ],
        "center_norm": [
          0.6061,
          0.6667
        ],
        "size_norm": [
          0.0687,
          0.0514
        ]
      },
      {
        "name": "工程图视图4",
        "type": "7",
        "outline_m": [
          0.214203,
          0.168126,
          0.245797,
          0.191874
        ],
        "center_m": [
          0.23,
          0.18
        ],
        "size_m": [
          0.031593,
          0.023749
        ],
        "center_norm": [
          0.7744,
          0.8571
        ],
        "size_norm": [
          0.1064,
          0.1131
        ]
      }
    ],
    "sidecar_report": "C:\\Users\\Vision\\Desktop\\SW 相关\\drw_output\\reference_metrics_sidecar\\LB26001-A-04-023_generated.json",
    "source": "csharp_sidecar"
  },
  "qc_display_dim_count": 0,
  "differences": [
    {
      "key": "view_type_count_lower_than_reference",
      "severity": "need_review",
      "reference": {
        "type": "4",
        "count": 2
      },
      "generated": {
        "type": "4",
        "count": 1
      },
      "fix_suggestion": "Create the same number of reference view-family instances for this known LB26001 sample."
    },
    {
      "key": "view_type_count_higher_than_reference",
      "severity": "need_review",
      "reference": {
        "type": "7",
        "count": 2
      },
      "generated": {
        "type": "7",
        "count": 3
      },
      "fix_suggestion": "Remove extra views from this view family or prove the same-name reference requires them."
    },
    {
      "key": "projected_view_count_lower_than_reference",
      "severity": "need_review",
      "reference": 2,
      "generated": 1,
      "fix_suggestion": "Use real projected views for the orthographic top/right views."
    },
    {
      "key": "display_dim_count_higher_than_reference",
      "severity": "need_review",
      "reference": 18,
      "generated": 59,
      "fix_suggestion": "Avoid over-dimensioning beyond the same-name reference drawing style; prefer the minimum manufacturable set."
    },
    {
      "key": "view_layout_center_shifted_from_reference",
      "severity": "need_review",
      "reference": {
        "slot": "front",
        "center_norm": [
          0.3704,
          0.7276
        ],
        "tolerance_norm": 0.08
      },
      "generated": {
        "slot": "front",
        "center_norm": [
          0.7744,
          0.8571
        ],
        "distance_norm": 0.4242
      },
      "fix_suggestion": "Place the generated view center within the learned reference layout tolerance for this LB26001 sample."
    },
    {
      "key": "view_layout_center_shifted_from_reference",
      "severity": "need_review",
      "reference": {
        "slot": "iso",
        "center_norm": [
          0.7782,
          0.4088
        ],
        "tolerance_norm": 0.08
      },
      "generated": {
        "slot": "iso",
        "center_norm": [
          0.6061,
          0.6667
        ],
        "distance_norm": 0.31
      },
      "fix_suggestion": "Place the generated view center within the learned reference layout tolerance for this LB26001 sample."
    },
    {
      "key": "view_layout_center_missing",
      "severity": "need_review",
      "reference": {
        "slot": "right",
        "center_norm": [
          0.7071,
          0.7276
        ]
      },
      "generated": {
        "available_slots": [
          "front",
          "iso",
          "top"
        ]
      },
      "fix_suggestion": "Create the same semantic view slot as the reference drawing before accepting this generated drawing."
    },
    {
      "key": "view_layout_center_shifted_from_reference",
      "severity": "need_review",
      "reference": {
        "slot": "top",
        "center_norm": [
          0.3704,
          0.4305
        ],