{
  "base": "LB26001-A-04-003",
  "status": "pass",
  "pass": true,
  "view_style_score": 1.0,
  "dimension_style_score": 0.857,
  "layout_style_score": 1.0,
  "overall_style_score": 0.936,
  "reference": {
    "base": "LB26001-A-04-003",
    "path": "C:\\Users\\Vision\\Desktop\\SW 相关\\3D转2D测试图纸\\LB26001-A-04-003.SLDDRW",
    "success": true,
    "reason": "",
    "view_count": 4,
    "view_types": {
      "7": 2,
      "4": 2
    },
    "display_dim_count": 6,
    "annotation_count": 0,
    "sheet_size_m": {
      "width": 0.297,
      "height": 0.21
    },
    "view_layout": [
      {
        "name": "工程图视图1",
        "type": "7",
        "outline_m": [
          0.059133,
          0.1636,
          0.160867,
          0.177
        ],
        "center_m": [
          0.11,
          0.1703
        ],
        "size_m": [
          0.101733,
          0.0134
        ],
        "center_norm": [
          0.3704,
          0.811
        ],
        "size_norm": [
          0.3425,
          0.0638
        ]
      },
      {
        "name": "工程图视图2",
        "type": "4",
        "outline_m": [
          0.2038,
          0.1636,
          0.2162,
          0.177
        ],
        "center_m": [
          0.21,
          0.1703
        ],
        "size_m": [
          0.0124,
          0.0134
        ],
        "center_norm": [
          0.7071,
          0.811
        ],
        "size_norm": [
          0.0418,
          0.0638
        ]
      },
      {
        "name": "工程图视图3",
        "type": "4",
        "outline_m": [
          0.059133,
          0.1212,
          0.160867,
          0.1336
        ],
        "center_m": [
          0.11,
          0.1274
        ],
        "size_m": [
          0.101733,
          0.0124
        ],
        "center_norm": [
          0.3704,
          0.6067
        ],
        "size_norm": [
          0.3425,
          0.059
        ]
      },
      {
        "name": "工程图视图4",
        "type": "7",
        "outline_m": [
          0.210158,
          0.100135,
          0.25297,
          0.130442
        ],
        "center_m": [
          0.231564,
          0.115289
        ],
        "size_m": [
          0.042813,
          0.030307
        ],
        "center_norm": [
          0.7797,
          0.549
        ],
        "size_norm": [
          0.1441,
          0.1443
        ]
      }
    ],
    "sidecar_report": "C:\\Users\\Vision\\Desktop\\SW 相关\\drw_output\\reference_metrics_sidecar\\LB26001-A-04-003_reference.json",
    "source": "csharp_sidecar"
  },
  "generated": {
    "base": "LB26001-A-04-003",
    "path": "C:\\Users\\Vision\\Desktop\\SW 相关\\drw_output\\runs\\1b8bad49f12b\\drawing\\LB26001-A-04-003_v5.SLDDRW",
    "success": true,
    "reason": "",
    "view_count": 4,
    "view_types": {
      "7": 2,
      "4": 2
    },
    "display_dim_count": 7,
    "annotation_count": 0,
    "sheet_size_m": {
      "width": 0.297,
      "height": 0.21
    },
    "view_layout": [
      {
        "name": "工程图视图1",
        "type": "7",
        "outline_m": [
          0.0778,
          0.1646,
          0.1422,
          0.176
        ],
        "center_m": [
          0.11,
          0.1703
        ],
        "size_m": [
          0.0644,
          0.0114
        ],
        "center_norm": [
          0.3704,
          0.811
        ],
        "size_norm": [
          0.2168,
          0.0543
        ]
      },
      {
        "name": "工程图视图2",
        "type": "4",
        "outline_m": [
          0.0778,
          0.122,
          0.1422,
          0.1328
        ],
        "center_m": [
          0.11,
          0.1274
        ],
        "size_m": [
          0.0644,
          0.0108
        ],
        "center_norm": [
          0.3704,
          0.6067
        ],
        "size_norm": [
          0.2168,
          0.0514
        ]
      },
      {
        "name": "工程图视图3",
        "type": "4",
        "outline_m": [
          0.2046,
          0.1646,
          0.2154,
          0.176
        ],
        "center_m": [
          0.21,
          0.1703
        ],
        "size_m": [
          0.0108,
          0.0114
        ],
        "center_norm": [
          0.7071,
          0.811
        ],
        "size_norm": [
          0.0364,
          0.0543
        ]
      },
      {
        "name": "工程图视图4",
        "type": "7",
        "outline_m": [
          0.206716,
          0.097945,
          0.256412,
          0.132633
        ],
        "center_m": [
          0.231564,
          0.115289
        ],
        "size_m": [
          0.049695,
          0.034689
        ],
        "center_norm": [
          0.7797,
          0.549
        ],
        "size_norm": [
          0.1673,
          0.1652
        ]
      }
    ],
    "sidecar_report": "C:\\Users\\Vision\\Desktop\\SW 相关\\drw_output\\reference_metrics_sidecar\\LB26001-A-04-003_generated.json",
    "source": "csharp_sidecar"
  },
  "qc_display_dim_count": 7,
  "differences": [],
  "reasons": [],
  "schema": "sw_drawing_studio.reference_style_case.v1",
  "generated_at": "2026-06-22 20:49:59",
  "part": "C:\\Users\\Vision\\Desktop\\SW 相关\\3D转2D测试图纸\\LB26001-A-04-003.SLDPRT",
  "reference_compare_report": "C:\\Users\\Vision\\Desktop\\SW 相关\\drw_output\\staged_validation\\LB26001_36_full_after_dim_chain_20260622\\03_LB26001-A-04-003\\reference_compare.json",
  "dimension_report": "C:\\Users\\Vision\\Desktop\\SW 相关\\drw_output\\staged_validation\\LB26001_36_full_after_dim_chain_20260622\\03_LB26001-A-04-003\\dimension_validation.json"
}